-- Soccer Zone DEV backup — 2026-04-02 11:05:32
-- Schema: soccer_zone_dev
-- Rows: leagues=3, players=71, tournaments=3, matches=3

SET search_path TO soccer_zone_dev;

-- leagues
INSERT INTO soccer_zone_dev.leagues (id, name, type, season_label, allow_roster_edits, teams, created_at) VALUES ('league-1774816188496', 'ליגת סוקרזון 5 - 2025', 'regular', '2026', FALSE, '[{"id":"regular-team-1774816243379","name":"נשרים","color":"black","players":["p1774816203210","p1774816206943","p1774816213291","p1774816209965","p1774816240474","p1774816224128"]},{"id":"regular-team-1774816250225","name":"אריות","color":"yellow","players":["p1774816373207"]},{"id":"regular-team-1774816254176","name":"דרקונים","color":"pink","players":["p1774816376825"]},{"id":"regular-team-1774816258108","name":"זאבים","color":"orange","players":["p1774816369393"]}]', '2026-03-29T20:29:49.024176+00:00') ON CONFLICT (id) DO UPDATE SET name = EXCLUDED.name, type = EXCLUDED.type, season_label = EXCLUDED.season_label, allow_roster_edits = EXCLUDED.allow_roster_edits, teams = EXCLUDED.teams, created_at = EXCLUDED.created_at;
INSERT INTO soccer_zone_dev.leagues (id, name, type, season_label, allow_roster_edits, teams, created_at) VALUES ('league-1774968768010', 'ליגת שלישי', 'regular', '2026', FALSE, '[{"id":"regular-team-1774968879908","name":"נשרים","color":"black","players":["p1774968890059","p1774968898674","p1774968907432","p1774968913857","p1774968920608","p1774968952941","p1774978768906"]},{"id":"regular-team-1774968941258","name":"זאבים","color":"yellow","players":["p1774968953806","p1774968958424","p1774968962107","p1774968966242","p1774968970025","p1774968973541","p1774968985824"]},{"id":"regular-team-1774969003206","name":"דרקונים","color":"pink","players":["p1774969010757","p1774969014758","p1774969019542","p1774969022975","p1774969028475","p1774969037057","p1774969041791"]},{"id":"regular-team-1774969045658","name":"אריות","color":"orange","players":["p1774969056043","p1774969059625","p1774969062458","p1774969065624","p1774969070531","p1774969074257","p1774969078808"]},{"id":"regular-team-1774969085541","name":"פנתרים","color":"blue","players":["p1774969155491","p1774969158840","p1774969161709","p1774969165407","p1774969169223","p1774969186390","p1774969193189"]},{"id":"regular-team-1774969087257","name":"קרנפים","color":"gray","players":["p1774969098109","p1774969101758","p1774969105573","p1774969109125","p1774969112805","p1774969118039","p1774969121856"]}]', '2026-03-31T14:52:49.069548+00:00') ON CONFLICT (id) DO UPDATE SET name = EXCLUDED.name, type = EXCLUDED.type, season_label = EXCLUDED.season_label, allow_roster_edits = EXCLUDED.allow_roster_edits, teams = EXCLUDED.teams, created_at = EXCLUDED.created_at;
INSERT INTO soccer_zone_dev.leagues (id, name, type, season_label, allow_roster_edits, teams, created_at) VALUES ('league-1774968784261', 'שלישי ת״א', 'tournament', '2026', FALSE, '[]', '2026-03-31T14:53:04.75753+00:00') ON CONFLICT (id) DO UPDATE SET name = EXCLUDED.name, type = EXCLUDED.type, season_label = EXCLUDED.season_label, allow_roster_edits = EXCLUDED.allow_roster_edits, teams = EXCLUDED.teams, created_at = EXCLUDED.created_at;

-- players
INSERT INTO soccer_zone_dev.players (id, name, league_id, is_offense, is_defense, created_at) VALUES ('p1774816203210', 'שפיבק', 'league-1774816188496', FALSE, TRUE, '2026-03-29T20:30:04.073785+00:00') ON CONFLICT (id) DO UPDATE SET name = EXCLUDED.name, league_id = EXCLUDED.league_id, is_offense = EXCLUDED.is_offense, is_defense = EXCLUDED.is_defense, created_at = EXCLUDED.created_at;
INSERT INTO soccer_zone_dev.players (id, name, league_id, is_offense, is_defense, created_at) VALUES ('p1774816206943', 'וולסמן', 'league-1774816188496', TRUE, FALSE, '2026-03-29T20:30:07.701693+00:00') ON CONFLICT (id) DO UPDATE SET name = EXCLUDED.name, league_id = EXCLUDED.league_id, is_offense = EXCLUDED.is_offense, is_defense = EXCLUDED.is_defense, created_at = EXCLUDED.created_at;
INSERT INTO soccer_zone_dev.players (id, name, league_id, is_offense, is_defense, created_at) VALUES ('p1774816209965', 'סעיד', 'league-1774816188496', TRUE, FALSE, '2026-03-29T20:30:10.704429+00:00') ON CONFLICT (id) DO UPDATE SET name = EXCLUDED.name, league_id = EXCLUDED.league_id, is_offense = EXCLUDED.is_offense, is_defense = EXCLUDED.is_defense, created_at = EXCLUDED.created_at;
INSERT INTO soccer_zone_dev.players (id, name, league_id, is_offense, is_defense, created_at) VALUES ('p1774816213291', 'מורן', 'league-1774816188496', FALSE, TRUE, '2026-03-29T20:30:14.024258+00:00') ON CONFLICT (id) DO UPDATE SET name = EXCLUDED.name, league_id = EXCLUDED.league_id, is_offense = EXCLUDED.is_offense, is_defense = EXCLUDED.is_defense, created_at = EXCLUDED.created_at;
INSERT INTO soccer_zone_dev.players (id, name, league_id, is_offense, is_defense, created_at) VALUES ('p1774816224128', 'מועד', 'league-1774816188496', FALSE, TRUE, '2026-03-29T20:30:24.857367+00:00') ON CONFLICT (id) DO UPDATE SET name = EXCLUDED.name, league_id = EXCLUDED.league_id, is_offense = EXCLUDED.is_offense, is_defense = EXCLUDED.is_defense, created_at = EXCLUDED.created_at;
INSERT INTO soccer_zone_dev.players (id, name, league_id, is_offense, is_defense, created_at) VALUES ('p1774816240474', 'בילאל', 'league-1774816188496', FALSE, TRUE, '2026-03-29T20:30:41.215481+00:00') ON CONFLICT (id) DO UPDATE SET name = EXCLUDED.name, league_id = EXCLUDED.league_id, is_offense = EXCLUDED.is_offense, is_defense = EXCLUDED.is_defense, created_at = EXCLUDED.created_at;
INSERT INTO soccer_zone_dev.players (id, name, league_id, is_offense, is_defense, created_at) VALUES ('p1774816369393', 'הנרי', 'league-1774816188496', TRUE, FALSE, '2026-03-29T20:32:50.660929+00:00') ON CONFLICT (id) DO UPDATE SET name = EXCLUDED.name, league_id = EXCLUDED.league_id, is_offense = EXCLUDED.is_offense, is_defense = EXCLUDED.is_defense, created_at = EXCLUDED.created_at;
INSERT INTO soccer_zone_dev.players (id, name, league_id, is_offense, is_defense, created_at) VALUES ('p1774816373207', 'זיו', 'league-1774816188496', TRUE, FALSE, '2026-03-29T20:32:53.977204+00:00') ON CONFLICT (id) DO UPDATE SET name = EXCLUDED.name, league_id = EXCLUDED.league_id, is_offense = EXCLUDED.is_offense, is_defense = EXCLUDED.is_defense, created_at = EXCLUDED.created_at;
INSERT INTO soccer_zone_dev.players (id, name, league_id, is_offense, is_defense, created_at) VALUES ('p1774816376825', 'טל עמוס', 'league-1774816188496', TRUE, FALSE, '2026-03-29T20:32:57.572072+00:00') ON CONFLICT (id) DO UPDATE SET name = EXCLUDED.name, league_id = EXCLUDED.league_id, is_offense = EXCLUDED.is_offense, is_defense = EXCLUDED.is_defense, created_at = EXCLUDED.created_at;
INSERT INTO soccer_zone_dev.players (id, name, league_id, is_offense, is_defense, created_at) VALUES ('p1774968890059', 'אביחי דנינו', 'league-1774968768010', FALSE, FALSE, '2026-03-31T14:54:50.832775+00:00') ON CONFLICT (id) DO UPDATE SET name = EXCLUDED.name, league_id = EXCLUDED.league_id, is_offense = EXCLUDED.is_offense, is_defense = EXCLUDED.is_defense, created_at = EXCLUDED.created_at;
INSERT INTO soccer_zone_dev.players (id, name, league_id, is_offense, is_defense, created_at) VALUES ('p1774968898674', 'אור סנואני', 'league-1774968768010', FALSE, FALSE, '2026-03-31T14:54:59.438573+00:00') ON CONFLICT (id) DO UPDATE SET name = EXCLUDED.name, league_id = EXCLUDED.league_id, is_offense = EXCLUDED.is_offense, is_defense = EXCLUDED.is_defense, created_at = EXCLUDED.created_at;
INSERT INTO soccer_zone_dev.players (id, name, league_id, is_offense, is_defense, created_at) VALUES ('p1774968907432', 'מתי רוזנבלט', 'league-1774968768010', FALSE, TRUE, '2026-03-31T14:55:08.142781+00:00') ON CONFLICT (id) DO UPDATE SET name = EXCLUDED.name, league_id = EXCLUDED.league_id, is_offense = EXCLUDED.is_offense, is_defense = EXCLUDED.is_defense, created_at = EXCLUDED.created_at;
INSERT INTO soccer_zone_dev.players (id, name, league_id, is_offense, is_defense, created_at) VALUES ('p1774968913857', 'אסד חסן', 'league-1774968768010', FALSE, TRUE, '2026-03-31T14:55:14.585971+00:00') ON CONFLICT (id) DO UPDATE SET name = EXCLUDED.name, league_id = EXCLUDED.league_id, is_offense = EXCLUDED.is_offense, is_defense = EXCLUDED.is_defense, created_at = EXCLUDED.created_at;
INSERT INTO soccer_zone_dev.players (id, name, league_id, is_offense, is_defense, created_at) VALUES ('p1774968920608', 'ברי בכרבוך', 'league-1774968768010', FALSE, FALSE, '2026-03-31T14:55:21.311183+00:00') ON CONFLICT (id) DO UPDATE SET name = EXCLUDED.name, league_id = EXCLUDED.league_id, is_offense = EXCLUDED.is_offense, is_defense = EXCLUDED.is_defense, created_at = EXCLUDED.created_at;
INSERT INTO soccer_zone_dev.players (id, name, league_id, is_offense, is_defense, created_at) VALUES ('p1774968952941', 'נדב ליברמן', 'league-1774968768010', FALSE, FALSE, '2026-03-31T14:55:53.668766+00:00') ON CONFLICT (id) DO UPDATE SET name = EXCLUDED.name, league_id = EXCLUDED.league_id, is_offense = EXCLUDED.is_offense, is_defense = EXCLUDED.is_defense, created_at = EXCLUDED.created_at;
INSERT INTO soccer_zone_dev.players (id, name, league_id, is_offense, is_defense, created_at) VALUES ('p1774968953806', 'דניאל עובדיה', 'league-1774968768010', FALSE, FALSE, '2026-03-31T14:55:54.518107+00:00') ON CONFLICT (id) DO UPDATE SET name = EXCLUDED.name, league_id = EXCLUDED.league_id, is_offense = EXCLUDED.is_offense, is_defense = EXCLUDED.is_defense, created_at = EXCLUDED.created_at;
INSERT INTO soccer_zone_dev.players (id, name, league_id, is_offense, is_defense, created_at) VALUES ('p1774968958424', 'יוסף-חי אביעזיז', 'league-1774968768010', FALSE, FALSE, '2026-03-31T14:55:59.217117+00:00') ON CONFLICT (id) DO UPDATE SET name = EXCLUDED.name, league_id = EXCLUDED.league_id, is_offense = EXCLUDED.is_offense, is_defense = EXCLUDED.is_defense, created_at = EXCLUDED.created_at;
INSERT INTO soccer_zone_dev.players (id, name, league_id, is_offense, is_defense, created_at) VALUES ('p1774968962107', 'מוחמד עודה', 'league-1774968768010', FALSE, FALSE, '2026-03-31T14:56:02.844586+00:00') ON CONFLICT (id) DO UPDATE SET name = EXCLUDED.name, league_id = EXCLUDED.league_id, is_offense = EXCLUDED.is_offense, is_defense = EXCLUDED.is_defense, created_at = EXCLUDED.created_at;
INSERT INTO soccer_zone_dev.players (id, name, league_id, is_offense, is_defense, created_at) VALUES ('p1774968966242', 'עדיאל קדוש', 'league-1774968768010', FALSE, FALSE, '2026-03-31T14:56:06.967243+00:00') ON CONFLICT (id) DO UPDATE SET name = EXCLUDED.name, league_id = EXCLUDED.league_id, is_offense = EXCLUDED.is_offense, is_defense = EXCLUDED.is_defense, created_at = EXCLUDED.created_at;
INSERT INTO soccer_zone_dev.players (id, name, league_id, is_offense, is_defense, created_at) VALUES ('p1774968970025', 'ארז מיטלקה', 'league-1774968768010', FALSE, FALSE, '2026-03-31T14:56:10.735407+00:00') ON CONFLICT (id) DO UPDATE SET name = EXCLUDED.name, league_id = EXCLUDED.league_id, is_offense = EXCLUDED.is_offense, is_defense = EXCLUDED.is_defense, created_at = EXCLUDED.created_at;
INSERT INTO soccer_zone_dev.players (id, name, league_id, is_offense, is_defense, created_at) VALUES ('p1774968973541', 'תמיר לוי', 'league-1774968768010', FALSE, FALSE, '2026-03-31T14:56:14.262428+00:00') ON CONFLICT (id) DO UPDATE SET name = EXCLUDED.name, league_id = EXCLUDED.league_id, is_offense = EXCLUDED.is_offense, is_defense = EXCLUDED.is_defense, created_at = EXCLUDED.created_at;
INSERT INTO soccer_zone_dev.players (id, name, league_id, is_offense, is_defense, created_at) VALUES ('p1774968985824', 'אוהד לוי', 'league-1774968768010', FALSE, FALSE, '2026-03-31T14:56:26.541453+00:00') ON CONFLICT (id) DO UPDATE SET name = EXCLUDED.name, league_id = EXCLUDED.league_id, is_offense = EXCLUDED.is_offense, is_defense = EXCLUDED.is_defense, created_at = EXCLUDED.created_at;
INSERT INTO soccer_zone_dev.players (id, name, league_id, is_offense, is_defense, created_at) VALUES ('p1774969010757', 'אור פרי', 'league-1774968768010', FALSE, FALSE, '2026-03-31T14:56:51.467042+00:00') ON CONFLICT (id) DO UPDATE SET name = EXCLUDED.name, league_id = EXCLUDED.league_id, is_offense = EXCLUDED.is_offense, is_defense = EXCLUDED.is_defense, created_at = EXCLUDED.created_at;
INSERT INTO soccer_zone_dev.players (id, name, league_id, is_offense, is_defense, created_at) VALUES ('p1774969014758', 'גל הוד השרון', 'league-1774968768010', FALSE, FALSE, '2026-03-31T14:56:55.473369+00:00') ON CONFLICT (id) DO UPDATE SET name = EXCLUDED.name, league_id = EXCLUDED.league_id, is_offense = EXCLUDED.is_offense, is_defense = EXCLUDED.is_defense, created_at = EXCLUDED.created_at;
INSERT INTO soccer_zone_dev.players (id, name, league_id, is_offense, is_defense, created_at) VALUES ('p1774969019542', 'דיאא עוידה', 'league-1774968768010', FALSE, FALSE, '2026-03-31T14:57:00.563239+00:00') ON CONFLICT (id) DO UPDATE SET name = EXCLUDED.name, league_id = EXCLUDED.league_id, is_offense = EXCLUDED.is_offense, is_defense = EXCLUDED.is_defense, created_at = EXCLUDED.created_at;
INSERT INTO soccer_zone_dev.players (id, name, league_id, is_offense, is_defense, created_at) VALUES ('p1774969022975', 'דן טרבלסי', 'league-1774968768010', FALSE, FALSE, '2026-03-31T14:57:03.69439+00:00') ON CONFLICT (id) DO UPDATE SET name = EXCLUDED.name, league_id = EXCLUDED.league_id, is_offense = EXCLUDED.is_offense, is_defense = EXCLUDED.is_defense, created_at = EXCLUDED.created_at;
INSERT INTO soccer_zone_dev.players (id, name, league_id, is_offense, is_defense, created_at) VALUES ('p1774969028475', 'טל גביזון', 'league-1774968768010', FALSE, FALSE, '2026-03-31T14:57:09.205013+00:00') ON CONFLICT (id) DO UPDATE SET name = EXCLUDED.name, league_id = EXCLUDED.league_id, is_offense = EXCLUDED.is_offense, is_defense = EXCLUDED.is_defense, created_at = EXCLUDED.created_at;
INSERT INTO soccer_zone_dev.players (id, name, league_id, is_offense, is_defense, created_at) VALUES ('p1774969037057', 'עדן נימני', 'league-1774968768010', FALSE, FALSE, '2026-03-31T14:57:17.792649+00:00') ON CONFLICT (id) DO UPDATE SET name = EXCLUDED.name, league_id = EXCLUDED.league_id, is_offense = EXCLUDED.is_offense, is_defense = EXCLUDED.is_defense, created_at = EXCLUDED.created_at;
INSERT INTO soccer_zone_dev.players (id, name, league_id, is_offense, is_defense, created_at) VALUES ('p1774969041791', 'עידן כהן', 'league-1774968768010', FALSE, FALSE, '2026-03-31T14:57:22.519066+00:00') ON CONFLICT (id) DO UPDATE SET name = EXCLUDED.name, league_id = EXCLUDED.league_id, is_offense = EXCLUDED.is_offense, is_defense = EXCLUDED.is_defense, created_at = EXCLUDED.created_at;
INSERT INTO soccer_zone_dev.players (id, name, league_id, is_offense, is_defense, created_at) VALUES ('p1774969056043', 'אור לוי', 'league-1774968768010', FALSE, FALSE, '2026-03-31T14:57:36.75706+00:00') ON CONFLICT (id) DO UPDATE SET name = EXCLUDED.name, league_id = EXCLUDED.league_id, is_offense = EXCLUDED.is_offense, is_defense = EXCLUDED.is_defense, created_at = EXCLUDED.created_at;
INSERT INTO soccer_zone_dev.players (id, name, league_id, is_offense, is_defense, created_at) VALUES ('p1774969059625', 'נועם אלוני', 'league-1774968768010', FALSE, FALSE, '2026-03-31T14:57:40.318806+00:00') ON CONFLICT (id) DO UPDATE SET name = EXCLUDED.name, league_id = EXCLUDED.league_id, is_offense = EXCLUDED.is_offense, is_defense = EXCLUDED.is_defense, created_at = EXCLUDED.created_at;
INSERT INTO soccer_zone_dev.players (id, name, league_id, is_offense, is_defense, created_at) VALUES ('p1774969062458', 'אלעד שפסה', 'league-1774968768010', FALSE, FALSE, '2026-03-31T14:57:43.174139+00:00') ON CONFLICT (id) DO UPDATE SET name = EXCLUDED.name, league_id = EXCLUDED.league_id, is_offense = EXCLUDED.is_offense, is_defense = EXCLUDED.is_defense, created_at = EXCLUDED.created_at;
INSERT INTO soccer_zone_dev.players (id, name, league_id, is_offense, is_defense, created_at) VALUES ('p1774969065624', 'פאדי נאסר', 'league-1774968768010', FALSE, FALSE, '2026-03-31T14:57:46.320899+00:00') ON CONFLICT (id) DO UPDATE SET name = EXCLUDED.name, league_id = EXCLUDED.league_id, is_offense = EXCLUDED.is_offense, is_defense = EXCLUDED.is_defense, created_at = EXCLUDED.created_at;
INSERT INTO soccer_zone_dev.players (id, name, league_id, is_offense, is_defense, created_at) VALUES ('p1774969070531', 'דוד פנציארי', 'league-1774968768010', FALSE, FALSE, '2026-03-31T14:57:51.254935+00:00') ON CONFLICT (id) DO UPDATE SET name = EXCLUDED.name, league_id = EXCLUDED.league_id, is_offense = EXCLUDED.is_offense, is_defense = EXCLUDED.is_defense, created_at = EXCLUDED.created_at;
INSERT INTO soccer_zone_dev.players (id, name, league_id, is_offense, is_defense, created_at) VALUES ('p1774969074257', 'לריאון גרינגרוז', 'league-1774968768010', FALSE, FALSE, '2026-03-31T14:57:54.98059+00:00') ON CONFLICT (id) DO UPDATE SET name = EXCLUDED.name, league_id = EXCLUDED.league_id, is_offense = EXCLUDED.is_offense, is_defense = EXCLUDED.is_defense, created_at = EXCLUDED.created_at;
INSERT INTO soccer_zone_dev.players (id, name, league_id, is_offense, is_defense, created_at) VALUES ('p1774969078808', 'רגב אס', 'league-1774968768010', FALSE, FALSE, '2026-03-31T14:57:59.519193+00:00') ON CONFLICT (id) DO UPDATE SET name = EXCLUDED.name, league_id = EXCLUDED.league_id, is_offense = EXCLUDED.is_offense, is_defense = EXCLUDED.is_defense, created_at = EXCLUDED.created_at;
INSERT INTO soccer_zone_dev.players (id, name, league_id, is_offense, is_defense, created_at) VALUES ('p1774969098109', 'אור ברעם', 'league-1774968768010', FALSE, FALSE, '2026-03-31T14:58:18.810177+00:00') ON CONFLICT (id) DO UPDATE SET name = EXCLUDED.name, league_id = EXCLUDED.league_id, is_offense = EXCLUDED.is_offense, is_defense = EXCLUDED.is_defense, created_at = EXCLUDED.created_at;
INSERT INTO soccer_zone_dev.players (id, name, league_id, is_offense, is_defense, created_at) VALUES ('p1774969101758', 'רן שפר', 'league-1774968768010', FALSE, FALSE, '2026-03-31T14:58:22.462813+00:00') ON CONFLICT (id) DO UPDATE SET name = EXCLUDED.name, league_id = EXCLUDED.league_id, is_offense = EXCLUDED.is_offense, is_defense = EXCLUDED.is_defense, created_at = EXCLUDED.created_at;
INSERT INTO soccer_zone_dev.players (id, name, league_id, is_offense, is_defense, created_at) VALUES ('p1774969105573', 'רועי בוחניק', 'league-1774968768010', FALSE, FALSE, '2026-03-31T14:58:26.275021+00:00') ON CONFLICT (id) DO UPDATE SET name = EXCLUDED.name, league_id = EXCLUDED.league_id, is_offense = EXCLUDED.is_offense, is_defense = EXCLUDED.is_defense, created_at = EXCLUDED.created_at;
INSERT INTO soccer_zone_dev.players (id, name, league_id, is_offense, is_defense, created_at) VALUES ('p1774969109125', 'רון שובי', 'league-1774968768010', FALSE, FALSE, '2026-03-31T14:58:29.843462+00:00') ON CONFLICT (id) DO UPDATE SET name = EXCLUDED.name, league_id = EXCLUDED.league_id, is_offense = EXCLUDED.is_offense, is_defense = EXCLUDED.is_defense, created_at = EXCLUDED.created_at;
INSERT INTO soccer_zone_dev.players (id, name, league_id, is_offense, is_defense, created_at) VALUES ('p1774969112805', 'עמית הררי', 'league-1774968768010', FALSE, FALSE, '2026-03-31T14:58:33.504339+00:00') ON CONFLICT (id) DO UPDATE SET name = EXCLUDED.name, league_id = EXCLUDED.league_id, is_offense = EXCLUDED.is_offense, is_defense = EXCLUDED.is_defense, created_at = EXCLUDED.created_at;
INSERT INTO soccer_zone_dev.players (id, name, league_id, is_offense, is_defense, created_at) VALUES ('p1774969118039', 'עומר שוקר', 'league-1774968768010', FALSE, FALSE, '2026-03-31T14:58:38.745375+00:00') ON CONFLICT (id) DO UPDATE SET name = EXCLUDED.name, league_id = EXCLUDED.league_id, is_offense = EXCLUDED.is_offense, is_defense = EXCLUDED.is_defense, created_at = EXCLUDED.created_at;
INSERT INTO soccer_zone_dev.players (id, name, league_id, is_offense, is_defense, created_at) VALUES ('p1774969121856', 'דניאל ברקוביץ', 'league-1774968768010', FALSE, FALSE, '2026-03-31T14:58:42.580408+00:00') ON CONFLICT (id) DO UPDATE SET name = EXCLUDED.name, league_id = EXCLUDED.league_id, is_offense = EXCLUDED.is_offense, is_defense = EXCLUDED.is_defense, created_at = EXCLUDED.created_at;
INSERT INTO soccer_zone_dev.players (id, name, league_id, is_offense, is_defense, created_at) VALUES ('p1774969155491', 'סרי', 'league-1774968768010', FALSE, FALSE, '2026-03-31T14:59:16.434457+00:00') ON CONFLICT (id) DO UPDATE SET name = EXCLUDED.name, league_id = EXCLUDED.league_id, is_offense = EXCLUDED.is_offense, is_defense = EXCLUDED.is_defense, created_at = EXCLUDED.created_at;
INSERT INTO soccer_zone_dev.players (id, name, league_id, is_offense, is_defense, created_at) VALUES ('p1774969158840', 'כאיד בשארה', 'league-1774968768010', FALSE, FALSE, '2026-03-31T14:59:19.572127+00:00') ON CONFLICT (id) DO UPDATE SET name = EXCLUDED.name, league_id = EXCLUDED.league_id, is_offense = EXCLUDED.is_offense, is_defense = EXCLUDED.is_defense, created_at = EXCLUDED.created_at;
INSERT INTO soccer_zone_dev.players (id, name, league_id, is_offense, is_defense, created_at) VALUES ('p1774969161709', 'אנס עטיר', 'league-1774968768010', FALSE, FALSE, '2026-03-31T14:59:22.422169+00:00') ON CONFLICT (id) DO UPDATE SET name = EXCLUDED.name, league_id = EXCLUDED.league_id, is_offense = EXCLUDED.is_offense, is_defense = EXCLUDED.is_defense, created_at = EXCLUDED.created_at;
INSERT INTO soccer_zone_dev.players (id, name, league_id, is_offense, is_defense, created_at) VALUES ('p1774969165407', 'אמיל טחמזוב', 'league-1774968768010', FALSE, FALSE, '2026-03-31T14:59:26.121563+00:00') ON CONFLICT (id) DO UPDATE SET name = EXCLUDED.name, league_id = EXCLUDED.league_id, is_offense = EXCLUDED.is_offense, is_defense = EXCLUDED.is_defense, created_at = EXCLUDED.created_at;
INSERT INTO soccer_zone_dev.players (id, name, league_id, is_offense, is_defense, created_at) VALUES ('p1774969169223', 'רועי גוטהרד', 'league-1774968768010', FALSE, FALSE, '2026-03-31T14:59:29.92494+00:00') ON CONFLICT (id) DO UPDATE SET name = EXCLUDED.name, league_id = EXCLUDED.league_id, is_offense = EXCLUDED.is_offense, is_defense = EXCLUDED.is_defense, created_at = EXCLUDED.created_at;
INSERT INTO soccer_zone_dev.players (id, name, league_id, is_offense, is_defense, created_at) VALUES ('p1774969186390', 'יוסי מסילתי', 'league-1774968768010', FALSE, FALSE, '2026-03-31T14:59:47.095201+00:00') ON CONFLICT (id) DO UPDATE SET name = EXCLUDED.name, league_id = EXCLUDED.league_id, is_offense = EXCLUDED.is_offense, is_defense = EXCLUDED.is_defense, created_at = EXCLUDED.created_at;
INSERT INTO soccer_zone_dev.players (id, name, league_id, is_offense, is_defense, created_at) VALUES ('p1774969193189', 'אנדריי אנדרייב', 'league-1774968768010', FALSE, FALSE, '2026-03-31T14:59:53.908445+00:00') ON CONFLICT (id) DO UPDATE SET name = EXCLUDED.name, league_id = EXCLUDED.league_id, is_offense = EXCLUDED.is_offense, is_defense = EXCLUDED.is_defense, created_at = EXCLUDED.created_at;
INSERT INTO soccer_zone_dev.players (id, name, league_id, is_offense, is_defense, created_at) VALUES ('p1774969330097', 'גלנטי', 'league-1774968784261', FALSE, FALSE, '2026-03-31T15:02:09.978722+00:00') ON CONFLICT (id) DO UPDATE SET name = EXCLUDED.name, league_id = EXCLUDED.league_id, is_offense = EXCLUDED.is_offense, is_defense = EXCLUDED.is_defense, created_at = EXCLUDED.created_at;
INSERT INTO soccer_zone_dev.players (id, name, league_id, is_offense, is_defense, created_at) VALUES ('p1774969336917', 'ברקוביץ''', 'league-1774968784261', FALSE, FALSE, '2026-03-31T15:02:16.749148+00:00') ON CONFLICT (id) DO UPDATE SET name = EXCLUDED.name, league_id = EXCLUDED.league_id, is_offense = EXCLUDED.is_offense, is_defense = EXCLUDED.is_defense, created_at = EXCLUDED.created_at;
INSERT INTO soccer_zone_dev.players (id, name, league_id, is_offense, is_defense, created_at) VALUES ('p1774969347976', 'שמואלוב', 'league-1774968784261', FALSE, FALSE, '2026-03-31T15:02:27.812292+00:00') ON CONFLICT (id) DO UPDATE SET name = EXCLUDED.name, league_id = EXCLUDED.league_id, is_offense = EXCLUDED.is_offense, is_defense = EXCLUDED.is_defense, created_at = EXCLUDED.created_at;
INSERT INTO soccer_zone_dev.players (id, name, league_id, is_offense, is_defense, created_at) VALUES ('p1774969356832', 'רפאל', 'league-1774968784261', FALSE, FALSE, '2026-03-31T15:02:36.677305+00:00') ON CONFLICT (id) DO UPDATE SET name = EXCLUDED.name, league_id = EXCLUDED.league_id, is_offense = EXCLUDED.is_offense, is_defense = EXCLUDED.is_defense, created_at = EXCLUDED.created_at;
INSERT INTO soccer_zone_dev.players (id, name, league_id, is_offense, is_defense, created_at) VALUES ('p1774969364842', 'איליה', 'league-1774968784261', FALSE, FALSE, '2026-03-31T15:02:44.671376+00:00') ON CONFLICT (id) DO UPDATE SET name = EXCLUDED.name, league_id = EXCLUDED.league_id, is_offense = EXCLUDED.is_offense, is_defense = EXCLUDED.is_defense, created_at = EXCLUDED.created_at;
INSERT INTO soccer_zone_dev.players (id, name, league_id, is_offense, is_defense, created_at) VALUES ('p1774969369821', 'אלעד', 'league-1774968784261', FALSE, FALSE, '2026-03-31T15:02:49.643407+00:00') ON CONFLICT (id) DO UPDATE SET name = EXCLUDED.name, league_id = EXCLUDED.league_id, is_offense = EXCLUDED.is_offense, is_defense = EXCLUDED.is_defense, created_at = EXCLUDED.created_at;
INSERT INTO soccer_zone_dev.players (id, name, league_id, is_offense, is_defense, created_at) VALUES ('p1774969425906', 'בניטה', 'league-1774968784261', FALSE, FALSE, '2026-03-31T15:03:45.851025+00:00') ON CONFLICT (id) DO UPDATE SET name = EXCLUDED.name, league_id = EXCLUDED.league_id, is_offense = EXCLUDED.is_offense, is_defense = EXCLUDED.is_defense, created_at = EXCLUDED.created_at;
INSERT INTO soccer_zone_dev.players (id, name, league_id, is_offense, is_defense, created_at) VALUES ('p1774969434030', 'לירן', 'league-1774968784261', FALSE, FALSE, '2026-03-31T15:03:53.968727+00:00') ON CONFLICT (id) DO UPDATE SET name = EXCLUDED.name, league_id = EXCLUDED.league_id, is_offense = EXCLUDED.is_offense, is_defense = EXCLUDED.is_defense, created_at = EXCLUDED.created_at;
INSERT INTO soccer_zone_dev.players (id, name, league_id, is_offense, is_defense, created_at) VALUES ('p1774969436675', 'נדב', 'league-1774968784261', FALSE, FALSE, '2026-03-31T15:03:56.647793+00:00') ON CONFLICT (id) DO UPDATE SET name = EXCLUDED.name, league_id = EXCLUDED.league_id, is_offense = EXCLUDED.is_offense, is_defense = EXCLUDED.is_defense, created_at = EXCLUDED.created_at;
INSERT INTO soccer_zone_dev.players (id, name, league_id, is_offense, is_defense, created_at) VALUES ('p1774969441152', 'רזילי', 'league-1774968784261', FALSE, FALSE, '2026-03-31T15:04:01.015615+00:00') ON CONFLICT (id) DO UPDATE SET name = EXCLUDED.name, league_id = EXCLUDED.league_id, is_offense = EXCLUDED.is_offense, is_defense = EXCLUDED.is_defense, created_at = EXCLUDED.created_at;
INSERT INTO soccer_zone_dev.players (id, name, league_id, is_offense, is_defense, created_at) VALUES ('p1774969444498', 'איתי', 'league-1774968784261', FALSE, FALSE, '2026-03-31T15:04:04.342075+00:00') ON CONFLICT (id) DO UPDATE SET name = EXCLUDED.name, league_id = EXCLUDED.league_id, is_offense = EXCLUDED.is_offense, is_defense = EXCLUDED.is_defense, created_at = EXCLUDED.created_at;
INSERT INTO soccer_zone_dev.players (id, name, league_id, is_offense, is_defense, created_at) VALUES ('p1774969448491', 'אלון', 'league-1774968784261', FALSE, FALSE, '2026-03-31T15:04:08.319093+00:00') ON CONFLICT (id) DO UPDATE SET name = EXCLUDED.name, league_id = EXCLUDED.league_id, is_offense = EXCLUDED.is_offense, is_defense = EXCLUDED.is_defense, created_at = EXCLUDED.created_at;
INSERT INTO soccer_zone_dev.players (id, name, league_id, is_offense, is_defense, created_at) VALUES ('p1774969456090', 'דנינו', 'league-1774968784261', FALSE, FALSE, '2026-03-31T15:04:15.935973+00:00') ON CONFLICT (id) DO UPDATE SET name = EXCLUDED.name, league_id = EXCLUDED.league_id, is_offense = EXCLUDED.is_offense, is_defense = EXCLUDED.is_defense, created_at = EXCLUDED.created_at;
INSERT INTO soccer_zone_dev.players (id, name, league_id, is_offense, is_defense, created_at) VALUES ('p1774969471111', 'גלר', 'league-1774968784261', FALSE, FALSE, '2026-03-31T15:04:30.959586+00:00') ON CONFLICT (id) DO UPDATE SET name = EXCLUDED.name, league_id = EXCLUDED.league_id, is_offense = EXCLUDED.is_offense, is_defense = EXCLUDED.is_defense, created_at = EXCLUDED.created_at;
INSERT INTO soccer_zone_dev.players (id, name, league_id, is_offense, is_defense, created_at) VALUES ('p1774969474366', 'ניצן', 'league-1774968784261', FALSE, FALSE, '2026-03-31T15:04:34.207628+00:00') ON CONFLICT (id) DO UPDATE SET name = EXCLUDED.name, league_id = EXCLUDED.league_id, is_offense = EXCLUDED.is_offense, is_defense = EXCLUDED.is_defense, created_at = EXCLUDED.created_at;
INSERT INTO soccer_zone_dev.players (id, name, league_id, is_offense, is_defense, created_at) VALUES ('p1774969479587', 'רגב', 'league-1774968784261', FALSE, FALSE, '2026-03-31T15:04:39.442235+00:00') ON CONFLICT (id) DO UPDATE SET name = EXCLUDED.name, league_id = EXCLUDED.league_id, is_offense = EXCLUDED.is_offense, is_defense = EXCLUDED.is_defense, created_at = EXCLUDED.created_at;
INSERT INTO soccer_zone_dev.players (id, name, league_id, is_offense, is_defense, created_at) VALUES ('p1774969482510', 'שפיבק', 'league-1774968784261', FALSE, FALSE, '2026-03-31T15:04:42.371877+00:00') ON CONFLICT (id) DO UPDATE SET name = EXCLUDED.name, league_id = EXCLUDED.league_id, is_offense = EXCLUDED.is_offense, is_defense = EXCLUDED.is_defense, created_at = EXCLUDED.created_at;
INSERT INTO soccer_zone_dev.players (id, name, league_id, is_offense, is_defense, created_at) VALUES ('p1774969486292', 'ארז', 'league-1774968784261', FALSE, FALSE, '2026-03-31T15:04:46.151307+00:00') ON CONFLICT (id) DO UPDATE SET name = EXCLUDED.name, league_id = EXCLUDED.league_id, is_offense = EXCLUDED.is_offense, is_defense = EXCLUDED.is_defense, created_at = EXCLUDED.created_at;
INSERT INTO soccer_zone_dev.players (id, name, league_id, is_offense, is_defense, created_at) VALUES ('p1774969490716', 'לוין', 'league-1774968784261', FALSE, FALSE, '2026-03-31T15:04:50.547201+00:00') ON CONFLICT (id) DO UPDATE SET name = EXCLUDED.name, league_id = EXCLUDED.league_id, is_offense = EXCLUDED.is_offense, is_defense = EXCLUDED.is_defense, created_at = EXCLUDED.created_at;
INSERT INTO soccer_zone_dev.players (id, name, league_id, is_offense, is_defense, created_at) VALUES ('p1774969493530', 'אוהד', 'league-1774968784261', FALSE, FALSE, '2026-03-31T15:04:53.378966+00:00') ON CONFLICT (id) DO UPDATE SET name = EXCLUDED.name, league_id = EXCLUDED.league_id, is_offense = EXCLUDED.is_offense, is_defense = EXCLUDED.is_defense, created_at = EXCLUDED.created_at;
INSERT INTO soccer_zone_dev.players (id, name, league_id, is_offense, is_defense, created_at) VALUES ('p1774978768906', 'סעיד', 'league-1774968768010', FALSE, FALSE, '2026-03-31T19:12:56.759991+00:00') ON CONFLICT (id) DO UPDATE SET name = EXCLUDED.name, league_id = EXCLUDED.league_id, is_offense = EXCLUDED.is_offense, is_defense = EXCLUDED.is_defense, created_at = EXCLUDED.created_at;

-- tournaments
INSERT INTO soccer_zone_dev.tournaments (id, league_id, date, created_at) VALUES ('league-1774816188496-1774816193493', 'league-1774816188496', '2026-03-29', '2026-03-29T20:29:54.329716+00:00') ON CONFLICT (id) DO UPDATE SET league_id = EXCLUDED.league_id, date = EXCLUDED.date, created_at = EXCLUDED.created_at;
INSERT INTO soccer_zone_dev.tournaments (id, league_id, date, created_at) VALUES ('league-1774968768010-1774968794480', 'league-1774968768010', '2026-03-31', '2026-03-31T14:53:15.443962+00:00') ON CONFLICT (id) DO UPDATE SET league_id = EXCLUDED.league_id, date = EXCLUDED.date, created_at = EXCLUDED.created_at;
INSERT INTO soccer_zone_dev.tournaments (id, league_id, date, created_at) VALUES ('league-1774968784261-1774969314556', 'league-1774968784261', '2026-03-31', '2026-03-31T15:01:54.781242+00:00') ON CONFLICT (id) DO UPDATE SET league_id = EXCLUDED.league_id, date = EXCLUDED.date, created_at = EXCLUDED.created_at;

-- matches
INSERT INTO soccer_zone_dev.matches (id, tournament_id, team_a, team_b, score_a, score_b, events, created_at) VALUES ('g1774976877761', 'league-1774968768010-1774968794480', 'regular-team-1774969085541', 'regular-team-1774969087257', NULL, NULL, '[{"type":"goal","scorer":"p1774969109125","teamId":"regular-team-1774969087257","assister":"p1774969118039"},{"type":"goal","scorer":"p1774969098109","teamId":"regular-team-1774969087257"},{"type":"goal","scorer":"p1774969118039","teamId":"regular-team-1774969087257","assister":"p1774969109125"},{"type":"goal","scorer":"p1774969118039","teamId":"regular-team-1774969087257","assister":"p1774969109125"},{"type":"goal","scorer":"p1774969109125","teamId":"regular-team-1774969087257","assister":"p1774969118039"},{"type":"goal","scorer":"p1774969165407","teamId":"regular-team-1774969085541"},{"type":"goal","scorer":"p1774969109125","teamId":"regular-team-1774969087257"},{"type":"goal","scorer":"p1774969169223","teamId":"regular-team-1774969085541"},{"type":"goal","scorer":"p1774969112805","teamId":"regular-team-1774969087257","assister":"p1774969109125"},{"type":"goal","scorer":"p1774969161709","teamId":"regular-team-1774969085541","assister":"p1774969155491"},{"type":"goal","scorer":"p1774969193189","teamId":"regular-team-1774969085541","assister":"p1774969186390"},{"type":"goal","scorer":"p1774969155491","teamId":"regular-team-1774969085541"},{"type":"goal","scorer":"p1774969098109","teamId":"regular-team-1774969087257","assister":"p1774969109125"},{"type":"goal","scorer":"p1774969098109","teamId":"regular-team-1774969087257","assister":"p1774969109125"},{"type":"goal","scorer":"p1774969193189","teamId":"regular-team-1774969085541","assister":"p1774969155491"},{"type":"goal","scorer":"p1774969155491","teamId":"regular-team-1774969085541","assister":"p1774969161709"},{"type":"goal","scorer":"p1774969118039","teamId":"regular-team-1774969087257","assister":"p1774969098109"},{"type":"goal","scorer":"p1774969109125","teamId":"regular-team-1774969087257","assister":"p1774969105573"},{"type":"goal","scorer":"p1774969155491","teamId":"regular-team-1774969085541","assister":"p1774969186390"},{"type":"goal","scorer":"p1774969169223","teamId":"regular-team-1774969085541"},{"type":"goal","scorer":"p1774969118039","teamId":"regular-team-1774969087257","assister":"p1774969109125"}]', '2026-03-31T17:08:00.472916+00:00') ON CONFLICT (id) DO UPDATE SET tournament_id = EXCLUDED.tournament_id, team_a = EXCLUDED.team_a, team_b = EXCLUDED.team_b, score_a = EXCLUDED.score_a, score_b = EXCLUDED.score_b, events = EXCLUDED.events, created_at = EXCLUDED.created_at;
INSERT INTO soccer_zone_dev.matches (id, tournament_id, team_a, team_b, score_a, score_b, events, created_at) VALUES ('g1774980730817', 'league-1774968768010-1774968794480', 'regular-team-1774969045658', 'regular-team-1774969003206', NULL, NULL, '[{"type":"goal","scorer":"","teamId":"regular-team-1774969045658"},{"type":"goal","scorer":"p1774969041791","teamId":"regular-team-1774969003206"},{"type":"goal","scorer":"p1774969041791","teamId":"regular-team-1774969003206"},{"type":"goal","scorer":"p1774969010757","teamId":"regular-team-1774969003206","assister":"p1774969019542"},{"type":"goal","scorer":"p1774969078808","teamId":"regular-team-1774969045658","assister":"p1774969070531"},{"type":"goal","scorer":"p1774978768906","teamId":"regular-team-1774969045658"},{"type":"goal","scorer":"p1774978768906","teamId":"regular-team-1774969045658","assister":"p1774969078808"},{"type":"goal","scorer":"p1774969074257","teamId":"regular-team-1774969045658"},{"type":"goal","scorer":"p1774978768906","teamId":"regular-team-1774969045658","assister":"p1774969062458"},{"type":"goal","scorer":"p1774969065624","teamId":"regular-team-1774969045658","assister":"p1774978768906"},{"type":"goal","scorer":"p1774978768906","teamId":"regular-team-1774969045658"},{"type":"goal","scorer":"p1774969041791","teamId":"regular-team-1774969003206"},{"type":"goal","scorer":"p1774969078808","teamId":"regular-team-1774969045658","assister":"p1774969062458"},{"type":"goal","scorer":"p1774969078808","teamId":"regular-team-1774969045658","assister":"p1774978768906"},{"type":"goal","scorer":"p1774969056043","teamId":"regular-team-1774969045658","assister":"p1774969062458"},{"type":"goal","scorer":"p1774969065624","teamId":"regular-team-1774969045658","assister":"p1774978768906"},{"type":"goal","scorer":"p1774969022975","teamId":"regular-team-1774969003206","assister":"p1774969010757"}]', '2026-03-31T19:12:57.792065+00:00') ON CONFLICT (id) DO UPDATE SET tournament_id = EXCLUDED.tournament_id, team_a = EXCLUDED.team_a, team_b = EXCLUDED.team_b, score_a = EXCLUDED.score_a, score_b = EXCLUDED.score_b, events = EXCLUDED.events, created_at = EXCLUDED.created_at;
INSERT INTO soccer_zone_dev.matches (id, tournament_id, team_a, team_b, score_a, score_b, events, created_at) VALUES ('g1774984374290', 'league-1774968768010-1774968794480', 'regular-team-1774968879908', 'regular-team-1774968941258', NULL, NULL, '[{"type":"goal","scorer":"p1774968973541","teamId":"regular-team-1774968941258","assister":"p1774968966242"},{"type":"goal","scorer":"p1774968966242","teamId":"regular-team-1774968941258","assister":"p1774968970025"},{"type":"goal","scorer":"p1774968962107","teamId":"regular-team-1774968941258","assister":"p1774968973541"},{"type":"goal","scorer":"p1774968973541","teamId":"regular-team-1774968941258","assister":"p1774968970025"},{"type":"goal","scorer":"p1774968962107","teamId":"regular-team-1774968941258","assister":"p1774968973541"},{"type":"goal","scorer":"p1774968952941","teamId":"regular-team-1774968879908"},{"type":"goal","scorer":"p1774968962107","teamId":"regular-team-1774968941258","assister":"p1774968966242"},{"type":"goal","scorer":"p1774968962107","teamId":"regular-team-1774968941258","assister":"p1774968953806"},{"type":"goal","scorer":"p1774968913857","teamId":"regular-team-1774968879908","assister":"p1774968890059"},{"type":"goal","scorer":"p1774968962107","teamId":"regular-team-1774968941258","assister":"p1774968966242"},{"type":"goal","scorer":"p1774968952941","teamId":"regular-team-1774968879908"},{"type":"goal","scorer":"p1774968952941","teamId":"regular-team-1774968879908"},{"type":"goal","scorer":"p1774968890059","teamId":"regular-team-1774968879908"},{"type":"goal","scorer":"p1774968962107","teamId":"regular-team-1774968941258"},{"type":"goal","scorer":"p1774968890059","teamId":"regular-team-1774968879908","assister":"p1774968952941"},{"type":"goal","scorer":"p1774968966242","teamId":"regular-team-1774968941258"},{"type":"goal","scorer":"p1774968985824","teamId":"regular-team-1774968941258"},{"type":"goal","scorer":"p1774968920608","teamId":"regular-team-1774968879908","assister":"p1774968890059"}]', '2026-03-31T19:12:57.792065+00:00') ON CONFLICT (id) DO UPDATE SET tournament_id = EXCLUDED.tournament_id, team_a = EXCLUDED.team_a, team_b = EXCLUDED.team_b, score_a = EXCLUDED.score_a, score_b = EXCLUDED.score_b, events = EXCLUDED.events, created_at = EXCLUDED.created_at;
