-- -- Soccer Zone DEV backup — 2026-04-03 13:31:05
-- -- Schema: soccer_zone_dev
-- -- Rows: leagues=3, players=90, tournaments=6, matches=11

-- SET search_path TO soccer_zone_dev;

-- -- leagues
INSERT INTO soccer_zone_dev.leagues (id, name, type, season_label, allow_roster_edits, teams, created_at) VALUES ('league-1774816188496', 'ליגת סוקרזון 5', 'regular', '2026', FALSE, '[{"id":"regular-team-1774816243379","name":"נשרים","color":"black","players":["league5-זיו-ברגר","league5-כרם-שביטה","league5-מאמון-שייח-יוסף","league5-מואמן-נאסר","league5-מוחמד-בראנסי","league5-מועד-שחאדה","league5-סעיד-שיך-יוסף","league5-עבד-מנסור"]},{"id":"regular-team-1774816250225","name":"אריות","color":"yellow","players":["league5-אוס-עבד-אל-רחים","league5-אסי-סגל","league5-הדר-שפיבק","league5-ודיע-פדילה","league5-זיו-אושבייב","league5-עבד-אליהו","league5-שי-שמחיוב"]},{"id":"regular-team-1774816254176","name":"דרקונים","color":"pink","players":["league5-בן-גמליאל","league5-טל-עמוס","league5-יובל-שלמה","league5-ליאור-פרידמן","league5-מתן-עופר","league5-סירג-מסרואה","league5-עדיאל-אלון"]},{"id":"regular-team-1774816258108","name":"זאבים","color":"orange","players":["league5-דניאל-וולסמן","league5-הנרי-גנגה","league5-חוסיין-נאסר","league5-מואמן-חאג-יחיא","league5-מתן-שגב","league5-עומאר-אבו-חיט"]}]', '2026-03-29T20:29:49.024176+00:00') ON CONFLICT (id) DO UPDATE SET name = EXCLUDED.name, type = EXCLUDED.type, season_label = EXCLUDED.season_label, allow_roster_edits = EXCLUDED.allow_roster_edits, teams = EXCLUDED.teams, created_at = EXCLUDED.created_at;
-- INSERT INTO soccer_zone_dev.leagues (id, name, type, season_label, allow_roster_edits, teams, created_at) VALUES ('league-1774968768010', 'ליגת שלישי', 'regular', '2026', FALSE, '[{"id":"regular-team-1774968879908","name":"נשרים","color":"black","players":["p1774968890059","p1774968898674","p1774968907432","p1774968913857","p1774968920608","p1774968952941","p1774978768906"]},{"id":"regular-team-1774968941258","name":"זאבים","color":"yellow","players":["p1774968953806","p1774968958424","p1774968962107","p1774968966242","p1774968970025","p1774968973541","p1774968985824"]},{"id":"regular-team-1774969003206","name":"דרקונים","color":"pink","players":["p1774969010757","p1774969014758","p1774969019542","p1774969022975","p1774969028475","p1774969037057","p1774969041791"]},{"id":"regular-team-1774969045658","name":"אריות","color":"orange","players":["p1774969056043","p1774969059625","p1774969062458","p1774969065624","p1774969070531","p1774969074257","p1774969078808"]},{"id":"regular-team-1774969085541","name":"פנתרים","color":"blue","players":["p1774969155491","p1774969158840","p1774969161709","p1774969165407","p1774969169223","p1774969186390","p1774969193189"]},{"id":"regular-team-1774969087257","name":"קרנפים","color":"gray","players":["p1774969098109","p1774969101758","p1774969105573","p1774969109125","p1774969112805","p1774969118039","p1774969121856"]}]', '2026-03-31T14:52:49.069548+00:00') ON CONFLICT (id) DO UPDATE SET name = EXCLUDED.name, type = EXCLUDED.type, season_label = EXCLUDED.season_label, allow_roster_edits = EXCLUDED.allow_roster_edits, teams = EXCLUDED.teams, created_at = EXCLUDED.created_at;
-- INSERT INTO soccer_zone_dev.leagues (id, name, type, season_label, allow_roster_edits, teams, created_at) VALUES ('league-1774968784261', 'שלישי ת״א', 'tournament', '2026', FALSE, '[]', '2026-03-31T14:53:04.75753+00:00') ON CONFLICT (id) DO UPDATE SET name = EXCLUDED.name, type = EXCLUDED.type, season_label = EXCLUDED.season_label, allow_roster_edits = EXCLUDED.allow_roster_edits, teams = EXCLUDED.teams, created_at = EXCLUDED.created_at;

-- -- players
-- INSERT INTO soccer_zone_dev.players (id, name, league_id, is_offense, is_defense, created_at) VALUES ('p1774968890059', 'אביחי דנינו', 'league-1774968768010', FALSE, FALSE, '2026-03-31T14:54:50.832775+00:00') ON CONFLICT (id) DO UPDATE SET name = EXCLUDED.name, league_id = EXCLUDED.league_id, is_offense = EXCLUDED.is_offense, is_defense = EXCLUDED.is_defense, created_at = EXCLUDED.created_at;
-- INSERT INTO soccer_zone_dev.players (id, name, league_id, is_offense, is_defense, created_at) VALUES ('p1774968898674', 'אור סנואני', 'league-1774968768010', FALSE, FALSE, '2026-03-31T14:54:59.438573+00:00') ON CONFLICT (id) DO UPDATE SET name = EXCLUDED.name, league_id = EXCLUDED.league_id, is_offense = EXCLUDED.is_offense, is_defense = EXCLUDED.is_defense, created_at = EXCLUDED.created_at;
-- INSERT INTO soccer_zone_dev.players (id, name, league_id, is_offense, is_defense, created_at) VALUES ('p1774968907432', 'מתי רוזנבלט', 'league-1774968768010', FALSE, TRUE, '2026-03-31T14:55:08.142781+00:00') ON CONFLICT (id) DO UPDATE SET name = EXCLUDED.name, league_id = EXCLUDED.league_id, is_offense = EXCLUDED.is_offense, is_defense = EXCLUDED.is_defense, created_at = EXCLUDED.created_at;
-- INSERT INTO soccer_zone_dev.players (id, name, league_id, is_offense, is_defense, created_at) VALUES ('p1774968913857', 'אסד חסן', 'league-1774968768010', FALSE, TRUE, '2026-03-31T14:55:14.585971+00:00') ON CONFLICT (id) DO UPDATE SET name = EXCLUDED.name, league_id = EXCLUDED.league_id, is_offense = EXCLUDED.is_offense, is_defense = EXCLUDED.is_defense, created_at = EXCLUDED.created_at;
-- INSERT INTO soccer_zone_dev.players (id, name, league_id, is_offense, is_defense, created_at) VALUES ('p1774968920608', 'ברי בכרבוך', 'league-1774968768010', FALSE, FALSE, '2026-03-31T14:55:21.311183+00:00') ON CONFLICT (id) DO UPDATE SET name = EXCLUDED.name, league_id = EXCLUDED.league_id, is_offense = EXCLUDED.is_offense, is_defense = EXCLUDED.is_defense, created_at = EXCLUDED.created_at;
-- INSERT INTO soccer_zone_dev.players (id, name, league_id, is_offense, is_defense, created_at) VALUES ('p1774968952941', 'נדב ליברמן', 'league-1774968768010', FALSE, FALSE, '2026-03-31T14:55:53.668766+00:00') ON CONFLICT (id) DO UPDATE SET name = EXCLUDED.name, league_id = EXCLUDED.league_id, is_offense = EXCLUDED.is_offense, is_defense = EXCLUDED.is_defense, created_at = EXCLUDED.created_at;
-- INSERT INTO soccer_zone_dev.players (id, name, league_id, is_offense, is_defense, created_at) VALUES ('p1774968953806', 'דניאל עובדיה', 'league-1774968768010', FALSE, FALSE, '2026-03-31T14:55:54.518107+00:00') ON CONFLICT (id) DO UPDATE SET name = EXCLUDED.name, league_id = EXCLUDED.league_id, is_offense = EXCLUDED.is_offense, is_defense = EXCLUDED.is_defense, created_at = EXCLUDED.created_at;
-- INSERT INTO soccer_zone_dev.players (id, name, league_id, is_offense, is_defense, created_at) VALUES ('p1774968958424', 'יוסף-חי אביעזיז', 'league-1774968768010', FALSE, FALSE, '2026-03-31T14:55:59.217117+00:00') ON CONFLICT (id) DO UPDATE SET name = EXCLUDED.name, league_id = EXCLUDED.league_id, is_offense = EXCLUDED.is_offense, is_defense = EXCLUDED.is_defense, created_at = EXCLUDED.created_at;
-- INSERT INTO soccer_zone_dev.players (id, name, league_id, is_offense, is_defense, created_at) VALUES ('p1774968962107', 'מוחמד עודה', 'league-1774968768010', FALSE, FALSE, '2026-03-31T14:56:02.844586+00:00') ON CONFLICT (id) DO UPDATE SET name = EXCLUDED.name, league_id = EXCLUDED.league_id, is_offense = EXCLUDED.is_offense, is_defense = EXCLUDED.is_defense, created_at = EXCLUDED.created_at;
-- INSERT INTO soccer_zone_dev.players (id, name, league_id, is_offense, is_defense, created_at) VALUES ('p1774968966242', 'עדיאל קדוש', 'league-1774968768010', FALSE, FALSE, '2026-03-31T14:56:06.967243+00:00') ON CONFLICT (id) DO UPDATE SET name = EXCLUDED.name, league_id = EXCLUDED.league_id, is_offense = EXCLUDED.is_offense, is_defense = EXCLUDED.is_defense, created_at = EXCLUDED.created_at;
-- INSERT INTO soccer_zone_dev.players (id, name, league_id, is_offense, is_defense, created_at) VALUES ('p1774968970025', 'ארז מיטלקה', 'league-1774968768010', FALSE, FALSE, '2026-03-31T14:56:10.735407+00:00') ON CONFLICT (id) DO UPDATE SET name = EXCLUDED.name, league_id = EXCLUDED.league_id, is_offense = EXCLUDED.is_offense, is_defense = EXCLUDED.is_defense, created_at = EXCLUDED.created_at;
-- INSERT INTO soccer_zone_dev.players (id, name, league_id, is_offense, is_defense, created_at) VALUES ('p1774968973541', 'תמיר לוי', 'league-1774968768010', FALSE, FALSE, '2026-03-31T14:56:14.262428+00:00') ON CONFLICT (id) DO UPDATE SET name = EXCLUDED.name, league_id = EXCLUDED.league_id, is_offense = EXCLUDED.is_offense, is_defense = EXCLUDED.is_defense, created_at = EXCLUDED.created_at;
-- INSERT INTO soccer_zone_dev.players (id, name, league_id, is_offense, is_defense, created_at) VALUES ('p1774968985824', 'אוהד לוי', 'league-1774968768010', FALSE, FALSE, '2026-03-31T14:56:26.541453+00:00') ON CONFLICT (id) DO UPDATE SET name = EXCLUDED.name, league_id = EXCLUDED.league_id, is_offense = EXCLUDED.is_offense, is_defense = EXCLUDED.is_defense, created_at = EXCLUDED.created_at;
-- INSERT INTO soccer_zone_dev.players (id, name, league_id, is_offense, is_defense, created_at) VALUES ('p1774969010757', 'אור פרי', 'league-1774968768010', FALSE, FALSE, '2026-03-31T14:56:51.467042+00:00') ON CONFLICT (id) DO UPDATE SET name = EXCLUDED.name, league_id = EXCLUDED.league_id, is_offense = EXCLUDED.is_offense, is_defense = EXCLUDED.is_defense, created_at = EXCLUDED.created_at;
-- INSERT INTO soccer_zone_dev.players (id, name, league_id, is_offense, is_defense, created_at) VALUES ('p1774969014758', 'גל הוד השרון', 'league-1774968768010', FALSE, FALSE, '2026-03-31T14:56:55.473369+00:00') ON CONFLICT (id) DO UPDATE SET name = EXCLUDED.name, league_id = EXCLUDED.league_id, is_offense = EXCLUDED.is_offense, is_defense = EXCLUDED.is_defense, created_at = EXCLUDED.created_at;
-- INSERT INTO soccer_zone_dev.players (id, name, league_id, is_offense, is_defense, created_at) VALUES ('p1774969019542', 'דיאא עוידה', 'league-1774968768010', FALSE, FALSE, '2026-03-31T14:57:00.563239+00:00') ON CONFLICT (id) DO UPDATE SET name = EXCLUDED.name, league_id = EXCLUDED.league_id, is_offense = EXCLUDED.is_offense, is_defense = EXCLUDED.is_defense, created_at = EXCLUDED.created_at;
-- INSERT INTO soccer_zone_dev.players (id, name, league_id, is_offense, is_defense, created_at) VALUES ('p1774969022975', 'דן טרבלסי', 'league-1774968768010', FALSE, FALSE, '2026-03-31T14:57:03.69439+00:00') ON CONFLICT (id) DO UPDATE SET name = EXCLUDED.name, league_id = EXCLUDED.league_id, is_offense = EXCLUDED.is_offense, is_defense = EXCLUDED.is_defense, created_at = EXCLUDED.created_at;
-- INSERT INTO soccer_zone_dev.players (id, name, league_id, is_offense, is_defense, created_at) VALUES ('p1774969028475', 'טל גביזון', 'league-1774968768010', FALSE, FALSE, '2026-03-31T14:57:09.205013+00:00') ON CONFLICT (id) DO UPDATE SET name = EXCLUDED.name, league_id = EXCLUDED.league_id, is_offense = EXCLUDED.is_offense, is_defense = EXCLUDED.is_defense, created_at = EXCLUDED.created_at;
-- INSERT INTO soccer_zone_dev.players (id, name, league_id, is_offense, is_defense, created_at) VALUES ('p1774969037057', 'עדן נימני', 'league-1774968768010', FALSE, FALSE, '2026-03-31T14:57:17.792649+00:00') ON CONFLICT (id) DO UPDATE SET name = EXCLUDED.name, league_id = EXCLUDED.league_id, is_offense = EXCLUDED.is_offense, is_defense = EXCLUDED.is_defense, created_at = EXCLUDED.created_at;
-- INSERT INTO soccer_zone_dev.players (id, name, league_id, is_offense, is_defense, created_at) VALUES ('p1774969041791', 'עידן כהן', 'league-1774968768010', FALSE, FALSE, '2026-03-31T14:57:22.519066+00:00') ON CONFLICT (id) DO UPDATE SET name = EXCLUDED.name, league_id = EXCLUDED.league_id, is_offense = EXCLUDED.is_offense, is_defense = EXCLUDED.is_defense, created_at = EXCLUDED.created_at;
-- INSERT INTO soccer_zone_dev.players (id, name, league_id, is_offense, is_defense, created_at) VALUES ('p1774969056043', 'אור לוי', 'league-1774968768010', FALSE, FALSE, '2026-03-31T14:57:36.75706+00:00') ON CONFLICT (id) DO UPDATE SET name = EXCLUDED.name, league_id = EXCLUDED.league_id, is_offense = EXCLUDED.is_offense, is_defense = EXCLUDED.is_defense, created_at = EXCLUDED.created_at;
-- INSERT INTO soccer_zone_dev.players (id, name, league_id, is_offense, is_defense, created_at) VALUES ('p1774969059625', 'נועם אלוני', 'league-1774968768010', FALSE, FALSE, '2026-03-31T14:57:40.318806+00:00') ON CONFLICT (id) DO UPDATE SET name = EXCLUDED.name, league_id = EXCLUDED.league_id, is_offense = EXCLUDED.is_offense, is_defense = EXCLUDED.is_defense, created_at = EXCLUDED.created_at;
-- INSERT INTO soccer_zone_dev.players (id, name, league_id, is_offense, is_defense, created_at) VALUES ('p1774969062458', 'אלעד שפסה', 'league-1774968768010', FALSE, FALSE, '2026-03-31T14:57:43.174139+00:00') ON CONFLICT (id) DO UPDATE SET name = EXCLUDED.name, league_id = EXCLUDED.league_id, is_offense = EXCLUDED.is_offense, is_defense = EXCLUDED.is_defense, created_at = EXCLUDED.created_at;
-- INSERT INTO soccer_zone_dev.players (id, name, league_id, is_offense, is_defense, created_at) VALUES ('p1774969065624', 'פאדי נאסר', 'league-1774968768010', FALSE, FALSE, '2026-03-31T14:57:46.320899+00:00') ON CONFLICT (id) DO UPDATE SET name = EXCLUDED.name, league_id = EXCLUDED.league_id, is_offense = EXCLUDED.is_offense, is_defense = EXCLUDED.is_defense, created_at = EXCLUDED.created_at;
-- INSERT INTO soccer_zone_dev.players (id, name, league_id, is_offense, is_defense, created_at) VALUES ('p1774969070531', 'דוד פנציארי', 'league-1774968768010', FALSE, FALSE, '2026-03-31T14:57:51.254935+00:00') ON CONFLICT (id) DO UPDATE SET name = EXCLUDED.name, league_id = EXCLUDED.league_id, is_offense = EXCLUDED.is_offense, is_defense = EXCLUDED.is_defense, created_at = EXCLUDED.created_at;
-- INSERT INTO soccer_zone_dev.players (id, name, league_id, is_offense, is_defense, created_at) VALUES ('p1774969074257', 'לריאון גרינגרוז', 'league-1774968768010', FALSE, FALSE, '2026-03-31T14:57:54.98059+00:00') ON CONFLICT (id) DO UPDATE SET name = EXCLUDED.name, league_id = EXCLUDED.league_id, is_offense = EXCLUDED.is_offense, is_defense = EXCLUDED.is_defense, created_at = EXCLUDED.created_at;
-- INSERT INTO soccer_zone_dev.players (id, name, league_id, is_offense, is_defense, created_at) VALUES ('p1774969078808', 'רגב אס', 'league-1774968768010', FALSE, FALSE, '2026-03-31T14:57:59.519193+00:00') ON CONFLICT (id) DO UPDATE SET name = EXCLUDED.name, league_id = EXCLUDED.league_id, is_offense = EXCLUDED.is_offense, is_defense = EXCLUDED.is_defense, created_at = EXCLUDED.created_at;
-- INSERT INTO soccer_zone_dev.players (id, name, league_id, is_offense, is_defense, created_at) VALUES ('p1774969098109', 'אור ברעם', 'league-1774968768010', FALSE, FALSE, '2026-03-31T14:58:18.810177+00:00') ON CONFLICT (id) DO UPDATE SET name = EXCLUDED.name, league_id = EXCLUDED.league_id, is_offense = EXCLUDED.is_offense, is_defense = EXCLUDED.is_defense, created_at = EXCLUDED.created_at;
-- INSERT INTO soccer_zone_dev.players (id, name, league_id, is_offense, is_defense, created_at) VALUES ('p1774969101758', 'רן שפר', 'league-1774968768010', FALSE, FALSE, '2026-03-31T14:58:22.462813+00:00') ON CONFLICT (id) DO UPDATE SET name = EXCLUDED.name, league_id = EXCLUDED.league_id, is_offense = EXCLUDED.is_offense, is_defense = EXCLUDED.is_defense, created_at = EXCLUDED.created_at;
-- INSERT INTO soccer_zone_dev.players (id, name, league_id, is_offense, is_defense, created_at) VALUES ('p1774969105573', 'רועי בוחניק', 'league-1774968768010', FALSE, FALSE, '2026-03-31T14:58:26.275021+00:00') ON CONFLICT (id) DO UPDATE SET name = EXCLUDED.name, league_id = EXCLUDED.league_id, is_offense = EXCLUDED.is_offense, is_defense = EXCLUDED.is_defense, created_at = EXCLUDED.created_at;
-- INSERT INTO soccer_zone_dev.players (id, name, league_id, is_offense, is_defense, created_at) VALUES ('p1774969109125', 'רון שובי', 'league-1774968768010', FALSE, FALSE, '2026-03-31T14:58:29.843462+00:00') ON CONFLICT (id) DO UPDATE SET name = EXCLUDED.name, league_id = EXCLUDED.league_id, is_offense = EXCLUDED.is_offense, is_defense = EXCLUDED.is_defense, created_at = EXCLUDED.created_at;
-- INSERT INTO soccer_zone_dev.players (id, name, league_id, is_offense, is_defense, created_at) VALUES ('p1774969112805', 'עמית הררי', 'league-1774968768010', FALSE, FALSE, '2026-03-31T14:58:33.504339+00:00') ON CONFLICT (id) DO UPDATE SET name = EXCLUDED.name, league_id = EXCLUDED.league_id, is_offense = EXCLUDED.is_offense, is_defense = EXCLUDED.is_defense, created_at = EXCLUDED.created_at;
-- INSERT INTO soccer_zone_dev.players (id, name, league_id, is_offense, is_defense, created_at) VALUES ('p1774969118039', 'עומר שוקר', 'league-1774968768010', FALSE, FALSE, '2026-03-31T14:58:38.745375+00:00') ON CONFLICT (id) DO UPDATE SET name = EXCLUDED.name, league_id = EXCLUDED.league_id, is_offense = EXCLUDED.is_offense, is_defense = EXCLUDED.is_defense, created_at = EXCLUDED.created_at;
-- INSERT INTO soccer_zone_dev.players (id, name, league_id, is_offense, is_defense, created_at) VALUES ('p1774969121856', 'דניאל ברקוביץ', 'league-1774968768010', FALSE, FALSE, '2026-03-31T14:58:42.580408+00:00') ON CONFLICT (id) DO UPDATE SET name = EXCLUDED.name, league_id = EXCLUDED.league_id, is_offense = EXCLUDED.is_offense, is_defense = EXCLUDED.is_defense, created_at = EXCLUDED.created_at;
-- INSERT INTO soccer_zone_dev.players (id, name, league_id, is_offense, is_defense, created_at) VALUES ('p1774969155491', 'סרי', 'league-1774968768010', FALSE, FALSE, '2026-03-31T14:59:16.434457+00:00') ON CONFLICT (id) DO UPDATE SET name = EXCLUDED.name, league_id = EXCLUDED.league_id, is_offense = EXCLUDED.is_offense, is_defense = EXCLUDED.is_defense, created_at = EXCLUDED.created_at;
-- INSERT INTO soccer_zone_dev.players (id, name, league_id, is_offense, is_defense, created_at) VALUES ('p1774969158840', 'כאיד בשארה', 'league-1774968768010', FALSE, FALSE, '2026-03-31T14:59:19.572127+00:00') ON CONFLICT (id) DO UPDATE SET name = EXCLUDED.name, league_id = EXCLUDED.league_id, is_offense = EXCLUDED.is_offense, is_defense = EXCLUDED.is_defense, created_at = EXCLUDED.created_at;
-- INSERT INTO soccer_zone_dev.players (id, name, league_id, is_offense, is_defense, created_at) VALUES ('p1774969161709', 'אנס עטיר', 'league-1774968768010', FALSE, FALSE, '2026-03-31T14:59:22.422169+00:00') ON CONFLICT (id) DO UPDATE SET name = EXCLUDED.name, league_id = EXCLUDED.league_id, is_offense = EXCLUDED.is_offense, is_defense = EXCLUDED.is_defense, created_at = EXCLUDED.created_at;
-- INSERT INTO soccer_zone_dev.players (id, name, league_id, is_offense, is_defense, created_at) VALUES ('p1774969165407', 'אמיל טחמזוב', 'league-1774968768010', FALSE, FALSE, '2026-03-31T14:59:26.121563+00:00') ON CONFLICT (id) DO UPDATE SET name = EXCLUDED.name, league_id = EXCLUDED.league_id, is_offense = EXCLUDED.is_offense, is_defense = EXCLUDED.is_defense, created_at = EXCLUDED.created_at;
-- INSERT INTO soccer_zone_dev.players (id, name, league_id, is_offense, is_defense, created_at) VALUES ('p1774969169223', 'רועי גוטהרד', 'league-1774968768010', FALSE, FALSE, '2026-03-31T14:59:29.92494+00:00') ON CONFLICT (id) DO UPDATE SET name = EXCLUDED.name, league_id = EXCLUDED.league_id, is_offense = EXCLUDED.is_offense, is_defense = EXCLUDED.is_defense, created_at = EXCLUDED.created_at;
-- INSERT INTO soccer_zone_dev.players (id, name, league_id, is_offense, is_defense, created_at) VALUES ('p1774969186390', 'יוסי מסילתי', 'league-1774968768010', FALSE, FALSE, '2026-03-31T14:59:47.095201+00:00') ON CONFLICT (id) DO UPDATE SET name = EXCLUDED.name, league_id = EXCLUDED.league_id, is_offense = EXCLUDED.is_offense, is_defense = EXCLUDED.is_defense, created_at = EXCLUDED.created_at;
-- INSERT INTO soccer_zone_dev.players (id, name, league_id, is_offense, is_defense, created_at) VALUES ('p1774969193189', 'אנדריי אנדרייב', 'league-1774968768010', FALSE, FALSE, '2026-03-31T14:59:53.908445+00:00') ON CONFLICT (id) DO UPDATE SET name = EXCLUDED.name, league_id = EXCLUDED.league_id, is_offense = EXCLUDED.is_offense, is_defense = EXCLUDED.is_defense, created_at = EXCLUDED.created_at;
-- INSERT INTO soccer_zone_dev.players (id, name, league_id, is_offense, is_defense, created_at) VALUES ('p1774969330097', 'גלנטי', 'league-1774968784261', FALSE, FALSE, '2026-03-31T15:02:09.978722+00:00') ON CONFLICT (id) DO UPDATE SET name = EXCLUDED.name, league_id = EXCLUDED.league_id, is_offense = EXCLUDED.is_offense, is_defense = EXCLUDED.is_defense, created_at = EXCLUDED.created_at;
-- INSERT INTO soccer_zone_dev.players (id, name, league_id, is_offense, is_defense, created_at) VALUES ('p1774969336917', 'ברקוביץ''', 'league-1774968784261', FALSE, FALSE, '2026-03-31T15:02:16.749148+00:00') ON CONFLICT (id) DO UPDATE SET name = EXCLUDED.name, league_id = EXCLUDED.league_id, is_offense = EXCLUDED.is_offense, is_defense = EXCLUDED.is_defense, created_at = EXCLUDED.created_at;
-- INSERT INTO soccer_zone_dev.players (id, name, league_id, is_offense, is_defense, created_at) VALUES ('p1774969347976', 'שמואלוב', 'league-1774968784261', FALSE, FALSE, '2026-03-31T15:02:27.812292+00:00') ON CONFLICT (id) DO UPDATE SET name = EXCLUDED.name, league_id = EXCLUDED.league_id, is_offense = EXCLUDED.is_offense, is_defense = EXCLUDED.is_defense, created_at = EXCLUDED.created_at;
-- INSERT INTO soccer_zone_dev.players (id, name, league_id, is_offense, is_defense, created_at) VALUES ('p1774969356832', 'רפאל', 'league-1774968784261', FALSE, FALSE, '2026-03-31T15:02:36.677305+00:00') ON CONFLICT (id) DO UPDATE SET name = EXCLUDED.name, league_id = EXCLUDED.league_id, is_offense = EXCLUDED.is_offense, is_defense = EXCLUDED.is_defense, created_at = EXCLUDED.created_at;
-- INSERT INTO soccer_zone_dev.players (id, name, league_id, is_offense, is_defense, created_at) VALUES ('p1774969364842', 'איליה', 'league-1774968784261', FALSE, FALSE, '2026-03-31T15:02:44.671376+00:00') ON CONFLICT (id) DO UPDATE SET name = EXCLUDED.name, league_id = EXCLUDED.league_id, is_offense = EXCLUDED.is_offense, is_defense = EXCLUDED.is_defense, created_at = EXCLUDED.created_at;
-- INSERT INTO soccer_zone_dev.players (id, name, league_id, is_offense, is_defense, created_at) VALUES ('p1774969369821', 'אלעד', 'league-1774968784261', FALSE, FALSE, '2026-03-31T15:02:49.643407+00:00') ON CONFLICT (id) DO UPDATE SET name = EXCLUDED.name, league_id = EXCLUDED.league_id, is_offense = EXCLUDED.is_offense, is_defense = EXCLUDED.is_defense, created_at = EXCLUDED.created_at;
-- INSERT INTO soccer_zone_dev.players (id, name, league_id, is_offense, is_defense, created_at) VALUES ('p1774969425906', 'בניטה', 'league-1774968784261', FALSE, FALSE, '2026-03-31T15:03:45.851025+00:00') ON CONFLICT (id) DO UPDATE SET name = EXCLUDED.name, league_id = EXCLUDED.league_id, is_offense = EXCLUDED.is_offense, is_defense = EXCLUDED.is_defense, created_at = EXCLUDED.created_at;
-- INSERT INTO soccer_zone_dev.players (id, name, league_id, is_offense, is_defense, created_at) VALUES ('p1774969434030', 'לירן', 'league-1774968784261', FALSE, FALSE, '2026-03-31T15:03:53.968727+00:00') ON CONFLICT (id) DO UPDATE SET name = EXCLUDED.name, league_id = EXCLUDED.league_id, is_offense = EXCLUDED.is_offense, is_defense = EXCLUDED.is_defense, created_at = EXCLUDED.created_at;
-- INSERT INTO soccer_zone_dev.players (id, name, league_id, is_offense, is_defense, created_at) VALUES ('p1774969436675', 'נדב', 'league-1774968784261', FALSE, FALSE, '2026-03-31T15:03:56.647793+00:00') ON CONFLICT (id) DO UPDATE SET name = EXCLUDED.name, league_id = EXCLUDED.league_id, is_offense = EXCLUDED.is_offense, is_defense = EXCLUDED.is_defense, created_at = EXCLUDED.created_at;
-- INSERT INTO soccer_zone_dev.players (id, name, league_id, is_offense, is_defense, created_at) VALUES ('p1774969441152', 'רזילי', 'league-1774968784261', FALSE, FALSE, '2026-03-31T15:04:01.015615+00:00') ON CONFLICT (id) DO UPDATE SET name = EXCLUDED.name, league_id = EXCLUDED.league_id, is_offense = EXCLUDED.is_offense, is_defense = EXCLUDED.is_defense, created_at = EXCLUDED.created_at;
-- INSERT INTO soccer_zone_dev.players (id, name, league_id, is_offense, is_defense, created_at) VALUES ('p1774969444498', 'איתי', 'league-1774968784261', FALSE, FALSE, '2026-03-31T15:04:04.342075+00:00') ON CONFLICT (id) DO UPDATE SET name = EXCLUDED.name, league_id = EXCLUDED.league_id, is_offense = EXCLUDED.is_offense, is_defense = EXCLUDED.is_defense, created_at = EXCLUDED.created_at;
-- INSERT INTO soccer_zone_dev.players (id, name, league_id, is_offense, is_defense, created_at) VALUES ('p1774969448491', 'אלון', 'league-1774968784261', FALSE, FALSE, '2026-03-31T15:04:08.319093+00:00') ON CONFLICT (id) DO UPDATE SET name = EXCLUDED.name, league_id = EXCLUDED.league_id, is_offense = EXCLUDED.is_offense, is_defense = EXCLUDED.is_defense, created_at = EXCLUDED.created_at;
-- INSERT INTO soccer_zone_dev.players (id, name, league_id, is_offense, is_defense, created_at) VALUES ('p1774969456090', 'דנינו', 'league-1774968784261', FALSE, FALSE, '2026-03-31T15:04:15.935973+00:00') ON CONFLICT (id) DO UPDATE SET name = EXCLUDED.name, league_id = EXCLUDED.league_id, is_offense = EXCLUDED.is_offense, is_defense = EXCLUDED.is_defense, created_at = EXCLUDED.created_at;
-- INSERT INTO soccer_zone_dev.players (id, name, league_id, is_offense, is_defense, created_at) VALUES ('p1774969471111', 'גלר', 'league-1774968784261', FALSE, FALSE, '2026-03-31T15:04:30.959586+00:00') ON CONFLICT (id) DO UPDATE SET name = EXCLUDED.name, league_id = EXCLUDED.league_id, is_offense = EXCLUDED.is_offense, is_defense = EXCLUDED.is_defense, created_at = EXCLUDED.created_at;
-- INSERT INTO soccer_zone_dev.players (id, name, league_id, is_offense, is_defense, created_at) VALUES ('p1774969474366', 'ניצן', 'league-1774968784261', FALSE, FALSE, '2026-03-31T15:04:34.207628+00:00') ON CONFLICT (id) DO UPDATE SET name = EXCLUDED.name, league_id = EXCLUDED.league_id, is_offense = EXCLUDED.is_offense, is_defense = EXCLUDED.is_defense, created_at = EXCLUDED.created_at;
-- INSERT INTO soccer_zone_dev.players (id, name, league_id, is_offense, is_defense, created_at) VALUES ('p1774969479587', 'רגב', 'league-1774968784261', FALSE, FALSE, '2026-03-31T15:04:39.442235+00:00') ON CONFLICT (id) DO UPDATE SET name = EXCLUDED.name, league_id = EXCLUDED.league_id, is_offense = EXCLUDED.is_offense, is_defense = EXCLUDED.is_defense, created_at = EXCLUDED.created_at;
-- INSERT INTO soccer_zone_dev.players (id, name, league_id, is_offense, is_defense, created_at) VALUES ('p1774969482510', 'שפיבק', 'league-1774968784261', FALSE, FALSE, '2026-03-31T15:04:42.371877+00:00') ON CONFLICT (id) DO UPDATE SET name = EXCLUDED.name, league_id = EXCLUDED.league_id, is_offense = EXCLUDED.is_offense, is_defense = EXCLUDED.is_defense, created_at = EXCLUDED.created_at;
-- INSERT INTO soccer_zone_dev.players (id, name, league_id, is_offense, is_defense, created_at) VALUES ('p1774969486292', 'ארז', 'league-1774968784261', FALSE, FALSE, '2026-03-31T15:04:46.151307+00:00') ON CONFLICT (id) DO UPDATE SET name = EXCLUDED.name, league_id = EXCLUDED.league_id, is_offense = EXCLUDED.is_offense, is_defense = EXCLUDED.is_defense, created_at = EXCLUDED.created_at;
-- INSERT INTO soccer_zone_dev.players (id, name, league_id, is_offense, is_defense, created_at) VALUES ('p1774969490716', 'לוין', 'league-1774968784261', FALSE, FALSE, '2026-03-31T15:04:50.547201+00:00') ON CONFLICT (id) DO UPDATE SET name = EXCLUDED.name, league_id = EXCLUDED.league_id, is_offense = EXCLUDED.is_offense, is_defense = EXCLUDED.is_defense, created_at = EXCLUDED.created_at;
-- INSERT INTO soccer_zone_dev.players (id, name, league_id, is_offense, is_defense, created_at) VALUES ('p1774969493530', 'אוהד', 'league-1774968784261', FALSE, FALSE, '2026-03-31T15:04:53.378966+00:00') ON CONFLICT (id) DO UPDATE SET name = EXCLUDED.name, league_id = EXCLUDED.league_id, is_offense = EXCLUDED.is_offense, is_defense = EXCLUDED.is_defense, created_at = EXCLUDED.created_at;
-- INSERT INTO soccer_zone_dev.players (id, name, league_id, is_offense, is_defense, created_at) VALUES ('p1774978768906', 'סעיד', 'league-1774968768010', FALSE, FALSE, '2026-03-31T19:12:56.759991+00:00') ON CONFLICT (id) DO UPDATE SET name = EXCLUDED.name, league_id = EXCLUDED.league_id, is_offense = EXCLUDED.is_offense, is_defense = EXCLUDED.is_defense, created_at = EXCLUDED.created_at;
INSERT INTO soccer_zone_dev.players (id, name, league_id, is_offense, is_defense, created_at) VALUES ('league5-שי-שמחיוב', 'שי שמחיוב', 'league-1774816188496', TRUE, FALSE, '2026-04-03T13:13:40.816952+00:00') ON CONFLICT (id) DO UPDATE SET name = EXCLUDED.name, league_id = EXCLUDED.league_id, is_offense = EXCLUDED.is_offense, is_defense = EXCLUDED.is_defense, created_at = EXCLUDED.created_at;
INSERT INTO soccer_zone_dev.players (id, name, league_id, is_offense, is_defense, created_at) VALUES ('league5-עבד-אליהו', 'עבד אליהו', 'league-1774816188496', TRUE, TRUE, '2026-04-03T13:13:40.816952+00:00') ON CONFLICT (id) DO UPDATE SET name = EXCLUDED.name, league_id = EXCLUDED.league_id, is_offense = EXCLUDED.is_offense, is_defense = EXCLUDED.is_defense, created_at = EXCLUDED.created_at;
INSERT INTO soccer_zone_dev.players (id, name, league_id, is_offense, is_defense, created_at) VALUES ('league5-הדר-שפיבק', 'הדר שפיבק', 'league-1774816188496', TRUE, TRUE, '2026-04-03T13:13:40.816952+00:00') ON CONFLICT (id) DO UPDATE SET name = EXCLUDED.name, league_id = EXCLUDED.league_id, is_offense = EXCLUDED.is_offense, is_defense = EXCLUDED.is_defense, created_at = EXCLUDED.created_at;
INSERT INTO soccer_zone_dev.players (id, name, league_id, is_offense, is_defense, created_at) VALUES ('league5-אוס-עבד-אל-רחים', 'אוס עבד אל רחים', 'league-1774816188496', TRUE, FALSE, '2026-04-03T13:13:40.816952+00:00') ON CONFLICT (id) DO UPDATE SET name = EXCLUDED.name, league_id = EXCLUDED.league_id, is_offense = EXCLUDED.is_offense, is_defense = EXCLUDED.is_defense, created_at = EXCLUDED.created_at;
INSERT INTO soccer_zone_dev.players (id, name, league_id, is_offense, is_defense, created_at) VALUES ('league5-עדיאל-אלון', 'עדיאל אלון', 'league-1774816188496', TRUE, FALSE, '2026-04-03T13:13:40.816952+00:00') ON CONFLICT (id) DO UPDATE SET name = EXCLUDED.name, league_id = EXCLUDED.league_id, is_offense = EXCLUDED.is_offense, is_defense = EXCLUDED.is_defense, created_at = EXCLUDED.created_at;
INSERT INTO soccer_zone_dev.players (id, name, league_id, is_offense, is_defense, created_at) VALUES ('league5-יובל-שלמה', 'יובל שלמה', 'league-1774816188496', TRUE, FALSE, '2026-04-03T13:13:40.816952+00:00') ON CONFLICT (id) DO UPDATE SET name = EXCLUDED.name, league_id = EXCLUDED.league_id, is_offense = EXCLUDED.is_offense, is_defense = EXCLUDED.is_defense, created_at = EXCLUDED.created_at;
INSERT INTO soccer_zone_dev.players (id, name, league_id, is_offense, is_defense, created_at) VALUES ('league5-טל-עמוס', 'טל עמוס', 'league-1774816188496', TRUE, FALSE, '2026-04-03T13:13:40.816952+00:00') ON CONFLICT (id) DO UPDATE SET name = EXCLUDED.name, league_id = EXCLUDED.league_id, is_offense = EXCLUDED.is_offense, is_defense = EXCLUDED.is_defense, created_at = EXCLUDED.created_at;
INSERT INTO soccer_zone_dev.players (id, name, league_id, is_offense, is_defense, created_at) VALUES ('league5-סירג-מסרואה', 'סירג'' מסרואה', 'league-1774816188496', TRUE, TRUE, '2026-04-03T13:13:40.816952+00:00') ON CONFLICT (id) DO UPDATE SET name = EXCLUDED.name, league_id = EXCLUDED.league_id, is_offense = EXCLUDED.is_offense, is_defense = EXCLUDED.is_defense, created_at = EXCLUDED.created_at;
INSERT INTO soccer_zone_dev.players (id, name, league_id, is_offense, is_defense, created_at) VALUES ('league5-ליאור-פרידמן', 'ליאור פרידמן', 'league-1774816188496', TRUE, FALSE, '2026-04-03T13:13:40.816952+00:00') ON CONFLICT (id) DO UPDATE SET name = EXCLUDED.name, league_id = EXCLUDED.league_id, is_offense = EXCLUDED.is_offense, is_defense = EXCLUDED.is_defense, created_at = EXCLUDED.created_at;
INSERT INTO soccer_zone_dev.players (id, name, league_id, is_offense, is_defense, created_at) VALUES ('league5-מתן-עופר', 'מתן עופר', 'league-1774816188496', TRUE, FALSE, '2026-04-03T13:13:40.816952+00:00') ON CONFLICT (id) DO UPDATE SET name = EXCLUDED.name, league_id = EXCLUDED.league_id, is_offense = EXCLUDED.is_offense, is_defense = EXCLUDED.is_defense, created_at = EXCLUDED.created_at;
INSERT INTO soccer_zone_dev.players (id, name, league_id, is_offense, is_defense, created_at) VALUES ('league5-בן-גמליאל', 'בן גמליאל', 'league-1774816188496', TRUE, TRUE, '2026-04-03T13:13:40.816952+00:00') ON CONFLICT (id) DO UPDATE SET name = EXCLUDED.name, league_id = EXCLUDED.league_id, is_offense = EXCLUDED.is_offense, is_defense = EXCLUDED.is_defense, created_at = EXCLUDED.created_at;
INSERT INTO soccer_zone_dev.players (id, name, league_id, is_offense, is_defense, created_at) VALUES ('league5-מוחמד-בראנסי', 'מוחמד בראנסי', 'league-1774816188496', TRUE, FALSE, '2026-04-03T13:13:40.816952+00:00') ON CONFLICT (id) DO UPDATE SET name = EXCLUDED.name, league_id = EXCLUDED.league_id, is_offense = EXCLUDED.is_offense, is_defense = EXCLUDED.is_defense, created_at = EXCLUDED.created_at;
INSERT INTO soccer_zone_dev.players (id, name, league_id, is_offense, is_defense, created_at) VALUES ('league5-מאמון-שייח-יוסף', 'מאמון שייח יוסף', 'league-1774816188496', TRUE, TRUE, '2026-04-03T13:13:40.816952+00:00') ON CONFLICT (id) DO UPDATE SET name = EXCLUDED.name, league_id = EXCLUDED.league_id, is_offense = EXCLUDED.is_offense, is_defense = EXCLUDED.is_defense, created_at = EXCLUDED.created_at;
INSERT INTO soccer_zone_dev.players (id, name, league_id, is_offense, is_defense, created_at) VALUES ('league5-מואמן-נאסר', 'מואמן נאסר', 'league-1774816188496', TRUE, TRUE, '2026-04-03T13:13:40.816952+00:00') ON CONFLICT (id) DO UPDATE SET name = EXCLUDED.name, league_id = EXCLUDED.league_id, is_offense = EXCLUDED.is_offense, is_defense = EXCLUDED.is_defense, created_at = EXCLUDED.created_at;
INSERT INTO soccer_zone_dev.players (id, name, league_id, is_offense, is_defense, created_at) VALUES ('league5-סעיד-שיך-יוסף', 'סעיד שיך יוסף', 'league-1774816188496', TRUE, FALSE, '2026-04-03T13:13:40.816952+00:00') ON CONFLICT (id) DO UPDATE SET name = EXCLUDED.name, league_id = EXCLUDED.league_id, is_offense = EXCLUDED.is_offense, is_defense = EXCLUDED.is_defense, created_at = EXCLUDED.created_at;
INSERT INTO soccer_zone_dev.players (id, name, league_id, is_offense, is_defense, created_at) VALUES ('league5-כרם-שביטה', 'כרם שביטה', 'league-1774816188496', TRUE, TRUE, '2026-04-03T13:13:40.816952+00:00') ON CONFLICT (id) DO UPDATE SET name = EXCLUDED.name, league_id = EXCLUDED.league_id, is_offense = EXCLUDED.is_offense, is_defense = EXCLUDED.is_defense, created_at = EXCLUDED.created_at;
INSERT INTO soccer_zone_dev.players (id, name, league_id, is_offense, is_defense, created_at) VALUES ('league5-עבד-מנסור', 'עבד מנסור', 'league-1774816188496', TRUE, TRUE, '2026-04-03T13:13:40.816952+00:00') ON CONFLICT (id) DO UPDATE SET name = EXCLUDED.name, league_id = EXCLUDED.league_id, is_offense = EXCLUDED.is_offense, is_defense = EXCLUDED.is_defense, created_at = EXCLUDED.created_at;
INSERT INTO soccer_zone_dev.players (id, name, league_id, is_offense, is_defense, created_at) VALUES ('league5-זיו-ברגר', 'זיו ברגר', 'league-1774816188496', FALSE, TRUE, '2026-04-03T13:13:40.816952+00:00') ON CONFLICT (id) DO UPDATE SET name = EXCLUDED.name, league_id = EXCLUDED.league_id, is_offense = EXCLUDED.is_offense, is_defense = EXCLUDED.is_defense, created_at = EXCLUDED.created_at;
INSERT INTO soccer_zone_dev.players (id, name, league_id, is_offense, is_defense, created_at) VALUES ('league5-מועד-שחאדה', 'מועד שחאדה', 'league-1774816188496', FALSE, TRUE, '2026-04-03T13:13:40.816952+00:00') ON CONFLICT (id) DO UPDATE SET name = EXCLUDED.name, league_id = EXCLUDED.league_id, is_offense = EXCLUDED.is_offense, is_defense = EXCLUDED.is_defense, created_at = EXCLUDED.created_at;
INSERT INTO soccer_zone_dev.players (id, name, league_id, is_offense, is_defense, created_at) VALUES ('league5-הנרי-גנגה', 'הנרי גנגה', 'league-1774816188496', TRUE, FALSE, '2026-04-03T13:13:40.816952+00:00') ON CONFLICT (id) DO UPDATE SET name = EXCLUDED.name, league_id = EXCLUDED.league_id, is_offense = EXCLUDED.is_offense, is_defense = EXCLUDED.is_defense, created_at = EXCLUDED.created_at;
INSERT INTO soccer_zone_dev.players (id, name, league_id, is_offense, is_defense, created_at) VALUES ('league5-מואמן-חאג-יחיא', 'מואמן חאג'' יחיא', 'league-1774816188496', TRUE, FALSE, '2026-04-03T13:13:40.816952+00:00') ON CONFLICT (id) DO UPDATE SET name = EXCLUDED.name, league_id = EXCLUDED.league_id, is_offense = EXCLUDED.is_offense, is_defense = EXCLUDED.is_defense, created_at = EXCLUDED.created_at;
INSERT INTO soccer_zone_dev.players (id, name, league_id, is_offense, is_defense, created_at) VALUES ('league5-דניאל-וולסמן', 'דניאל וולסמן', 'league-1774816188496', TRUE, FALSE, '2026-04-03T13:13:40.816952+00:00') ON CONFLICT (id) DO UPDATE SET name = EXCLUDED.name, league_id = EXCLUDED.league_id, is_offense = EXCLUDED.is_offense, is_defense = EXCLUDED.is_defense, created_at = EXCLUDED.created_at;
INSERT INTO soccer_zone_dev.players (id, name, league_id, is_offense, is_defense, created_at) VALUES ('league5-עומאר-אבו-חיט', 'עומאר אבו חיט', 'league-1774816188496', TRUE, FALSE, '2026-04-03T13:13:40.816952+00:00') ON CONFLICT (id) DO UPDATE SET name = EXCLUDED.name, league_id = EXCLUDED.league_id, is_offense = EXCLUDED.is_offense, is_defense = EXCLUDED.is_defense, created_at = EXCLUDED.created_at;
INSERT INTO soccer_zone_dev.players (id, name, league_id, is_offense, is_defense, created_at) VALUES ('league5-חוסיין-נאסר', 'חוסיין נאסר', 'league-1774816188496', TRUE, FALSE, '2026-04-03T13:13:40.816952+00:00') ON CONFLICT (id) DO UPDATE SET name = EXCLUDED.name, league_id = EXCLUDED.league_id, is_offense = EXCLUDED.is_offense, is_defense = EXCLUDED.is_defense, created_at = EXCLUDED.created_at;
INSERT INTO soccer_zone_dev.players (id, name, league_id, is_offense, is_defense, created_at) VALUES ('league5-מתן-שגב', 'מתן שגב', 'league-1774816188496', TRUE, TRUE, '2026-04-03T13:13:40.816952+00:00') ON CONFLICT (id) DO UPDATE SET name = EXCLUDED.name, league_id = EXCLUDED.league_id, is_offense = EXCLUDED.is_offense, is_defense = EXCLUDED.is_defense, created_at = EXCLUDED.created_at;
INSERT INTO soccer_zone_dev.players (id, name, league_id, is_offense, is_defense, created_at) VALUES ('league5-זיו-אושבייב', 'זיו אושבייב', 'league-1774816188496', TRUE, FALSE, '2026-04-03T13:13:40.816952+00:00') ON CONFLICT (id) DO UPDATE SET name = EXCLUDED.name, league_id = EXCLUDED.league_id, is_offense = EXCLUDED.is_offense, is_defense = EXCLUDED.is_defense, created_at = EXCLUDED.created_at;
INSERT INTO soccer_zone_dev.players (id, name, league_id, is_offense, is_defense, created_at) VALUES ('league5-ודיע-פדילה', 'ודיע פדילה', 'league-1774816188496', TRUE, FALSE, '2026-04-03T13:13:40.816952+00:00') ON CONFLICT (id) DO UPDATE SET name = EXCLUDED.name, league_id = EXCLUDED.league_id, is_offense = EXCLUDED.is_offense, is_defense = EXCLUDED.is_defense, created_at = EXCLUDED.created_at;
INSERT INTO soccer_zone_dev.players (id, name, league_id, is_offense, is_defense, created_at) VALUES ('league5-אסי-סגל', 'אסי סגל', 'league-1774816188496', TRUE, TRUE, '2026-04-03T13:13:40.816952+00:00') ON CONFLICT (id) DO UPDATE SET name = EXCLUDED.name, league_id = EXCLUDED.league_id, is_offense = EXCLUDED.is_offense, is_defense = EXCLUDED.is_defense, created_at = EXCLUDED.created_at;

-- -- tournaments
-- INSERT INTO soccer_zone_dev.tournaments (id, league_id, date, created_at) VALUES ('league-1774968768010-1774968794480', 'league-1774968768010', '2026-03-31', '2026-03-31T14:53:15.443962+00:00') ON CONFLICT (id) DO UPDATE SET league_id = EXCLUDED.league_id, date = EXCLUDED.date, created_at = EXCLUDED.created_at;
-- INSERT INTO soccer_zone_dev.tournaments (id, league_id, date, created_at) VALUES ('league-1774968784261-1774969314556', 'league-1774968784261', '2026-03-31', '2026-03-31T15:01:54.781242+00:00') ON CONFLICT (id) DO UPDATE SET league_id = EXCLUDED.league_id, date = EXCLUDED.date, created_at = EXCLUDED.created_at;
INSERT INTO soccer_zone_dev.tournaments (id, date, league_number, league_id, year, teams, created_at, updated_at) VALUES ('league5-2026-02-21', '2026-02-21', 1, 'league-1774816188496', 2026, '[{"id":"regular-team-1774816243379","name":"נשרים","color":"black","players":["league5-זיו-ברגר","league5-כרם-שביטה","league5-מאמון-שייח-יוסף","league5-מואמן-נאסר","league5-מוחמד-בראנסי","league5-מועד-שחאדה","league5-סעיד-שיך-יוסף","league5-עבד-מנסור"]},{"id":"regular-team-1774816250225","name":"אריות","color":"yellow","players":["league5-אוס-עבד-אל-רחים","league5-אסי-סגל","league5-הדר-שפיבק","league5-ודיע-פדילה","league5-זיו-אושבייב","league5-עבד-אליהו","league5-שי-שמחיוב"]},{"id":"regular-team-1774816254176","name":"דרקונים","color":"pink","players":["league5-בן-גמליאל","league5-טל-עמוס","league5-יובל-שלמה","league5-ליאור-פרידמן","league5-מתן-עופר","league5-סירג-מסרואה","league5-עדיאל-אלון"]},{"id":"regular-team-1774816258108","name":"זאבים","color":"orange","players":["league5-דניאל-וולסמן","league5-הנרי-גנגה","league5-חוסיין-נאסר","league5-מואמן-חאג-יחיא","league5-מתן-שגב","league5-עומאר-אבו-חיט"]}]', '2026-04-03T13:13:40.953014+00:00', '2026-04-03T13:13:40.953014+00:00') ON CONFLICT (id) DO UPDATE SET date = EXCLUDED.date, league_number = EXCLUDED.league_number, league_id = EXCLUDED.league_id, year = EXCLUDED.year, teams = EXCLUDED.teams, created_at = EXCLUDED.created_at, updated_at = EXCLUDED.updated_at;
INSERT INTO soccer_zone_dev.tournaments (id, date, league_number, league_id, year, teams, created_at, updated_at) VALUES ('league5-2026-03-07', '2026-03-07', 2, 'league-1774816188496', 2026, '[{"id":"regular-team-1774816243379","name":"נשרים","color":"black","players":["league5-זיו-ברגר","league5-כרם-שביטה","league5-מאמון-שייח-יוסף","league5-מואמן-נאסר","league5-מוחמד-בראנסי","league5-מועד-שחאדה","league5-סעיד-שיך-יוסף","league5-עבד-מנסור"]},{"id":"regular-team-1774816250225","name":"אריות","color":"yellow","players":["league5-אוס-עבד-אל-רחים","league5-אסי-סגל","league5-הדר-שפיבק","league5-ודיע-פדילה","league5-זיו-אושבייב","league5-עבד-אליהו","league5-שי-שמחיוב"]},{"id":"regular-team-1774816254176","name":"דרקונים","color":"pink","players":["league5-בן-גמליאל","league5-טל-עמוס","league5-יובל-שלמה","league5-ליאור-פרידמן","league5-מתן-עופר","league5-סירג-מסרואה","league5-עדיאל-אלון"]},{"id":"regular-team-1774816258108","name":"זאבים","color":"orange","players":["league5-דניאל-וולסמן","league5-הנרי-גנגה","league5-חוסיין-נאסר","league5-מואמן-חאג-יחיא","league5-מתן-שגב","league5-עומאר-אבו-חיט"]}]', '2026-04-03T13:13:40.953014+00:00', '2026-04-03T13:13:40.953014+00:00') ON CONFLICT (id) DO UPDATE SET date = EXCLUDED.date, league_number = EXCLUDED.league_number, league_id = EXCLUDED.league_id, year = EXCLUDED.year, teams = EXCLUDED.teams, created_at = EXCLUDED.created_at, updated_at = EXCLUDED.updated_at;
INSERT INTO soccer_zone_dev.tournaments (id, date, league_number, league_id, year, teams, created_at, updated_at) VALUES ('league5-2026-03-14', '2026-03-14', 3, 'league-1774816188496', 2026, '[{"id":"regular-team-1774816243379","name":"נשרים","color":"black","players":["league5-זיו-ברגר","league5-כרם-שביטה","league5-מאמון-שייח-יוסף","league5-מואמן-נאסר","league5-מוחמד-בראנסי","league5-מועד-שחאדה","league5-סעיד-שיך-יוסף","league5-עבד-מנסור"]},{"id":"regular-team-1774816250225","name":"אריות","color":"yellow","players":["league5-אוס-עבד-אל-רחים","league5-אסי-סגל","league5-הדר-שפיבק","league5-ודיע-פדילה","league5-זיו-אושבייב","league5-עבד-אליהו","league5-שי-שמחיוב"]},{"id":"regular-team-1774816254176","name":"דרקונים","color":"pink","players":["league5-בן-גמליאל","league5-טל-עמוס","league5-יובל-שלמה","league5-ליאור-פרידמן","league5-מתן-עופר","league5-סירג-מסרואה","league5-עדיאל-אלון"]},{"id":"regular-team-1774816258108","name":"זאבים","color":"orange","players":["league5-דניאל-וולסמן","league5-הנרי-גנגה","league5-חוסיין-נאסר","league5-מואמן-חאג-יחיא","league5-מתן-שגב","league5-עומאר-אבו-חיט"]}]', '2026-04-03T13:13:40.953014+00:00', '2026-04-03T13:13:40.953014+00:00') ON CONFLICT (id) DO UPDATE SET date = EXCLUDED.date, league_number = EXCLUDED.league_number, league_id = EXCLUDED.league_id, year = EXCLUDED.year, teams = EXCLUDED.teams, created_at = EXCLUDED.created_at, updated_at = EXCLUDED.updated_at;
INSERT INTO soccer_zone_dev.tournaments (id, date, league_number, league_id, year, teams, created_at, updated_at) VALUES ('league5-2026-03-28', '2026-03-28', 4, 'league-1774816188496', 2026, '[{"id":"regular-team-1774816243379","name":"נשרים","color":"black","players":["league5-זיו-ברגר","league5-כרם-שביטה","league5-מאמון-שייח-יוסף","league5-מואמן-נאסר","league5-מוחמד-בראנסי","league5-מועד-שחאדה","league5-סעיד-שיך-יוסף","league5-עבד-מנסור"]},{"id":"regular-team-1774816250225","name":"אריות","color":"yellow","players":["league5-אוס-עבד-אל-רחים","league5-אסי-סגל","league5-הדר-שפיבק","league5-ודיע-פדילה","league5-זיו-אושבייב","league5-עבד-אליהו","league5-שי-שמחיוב"]},{"id":"regular-team-1774816254176","name":"דרקונים","color":"pink","players":["league5-בן-גמליאל","league5-טל-עמוס","league5-יובל-שלמה","league5-ליאור-פרידמן","league5-מתן-עופר","league5-סירג-מסרואה","league5-עדיאל-אלון"]},{"id":"regular-team-1774816258108","name":"זאבים","color":"orange","players":["league5-דניאל-וולסמן","league5-הנרי-גנגה","league5-חוסיין-נאסר","league5-מואמן-חאג-יחיא","league5-מתן-שגב","league5-עומאר-אבו-חיט"]}]', '2026-04-03T13:13:40.953014+00:00', '2026-04-03T13:13:40.953014+00:00') ON CONFLICT (id) DO UPDATE SET date = EXCLUDED.date, league_number = EXCLUDED.league_number, league_id = EXCLUDED.league_id, year = EXCLUDED.year, teams = EXCLUDED.teams, created_at = EXCLUDED.created_at, updated_at = EXCLUDED.updated_at;

-- matches
INSERT INTO soccer_zone_dev.matches (id, tournament_id, league_id, round, team_a, team_b, score, events, created_at) VALUES ('g1774976877761', 'league-1774968768010-1774968794480', 'league-1774968768010', 1, 'regular-team-1774969085541', 'regular-team-1774969087257', '{"a":9,"b":12}', '[{"type":"goal","scorer":"p1774969109125","teamId":"regular-team-1774969087257","assister":"p1774969118039"},{"type":"goal","scorer":"p1774969098109","teamId":"regular-team-1774969087257"},{"type":"goal","scorer":"p1774969118039","teamId":"regular-team-1774969087257","assister":"p1774969109125"},{"type":"goal","scorer":"p1774969118039","teamId":"regular-team-1774969087257","assister":"p1774969109125"},{"type":"goal","scorer":"p1774969109125","teamId":"regular-team-1774969087257","assister":"p1774969118039"},{"type":"goal","scorer":"p1774969165407","teamId":"regular-team-1774969085541"},{"type":"goal","scorer":"p1774969109125","teamId":"regular-team-1774969087257"},{"type":"goal","scorer":"p1774969169223","teamId":"regular-team-1774969085541"},{"type":"goal","scorer":"p1774969112805","teamId":"regular-team-1774969087257","assister":"p1774969109125"},{"type":"goal","scorer":"p1774969161709","teamId":"regular-team-1774969085541","assister":"p1774969155491"},{"type":"goal","scorer":"p1774969193189","teamId":"regular-team-1774969085541","assister":"p1774969186390"},{"type":"goal","scorer":"p1774969155491","teamId":"regular-team-1774969085541"},{"type":"goal","scorer":"p1774969098109","teamId":"regular-team-1774969087257","assister":"p1774969109125"},{"type":"goal","scorer":"p1774969098109","teamId":"regular-team-1774969087257","assister":"p1774969109125"},{"type":"goal","scorer":"p1774969193189","teamId":"regular-team-1774969085541","assister":"p1774969155491"},{"type":"goal","scorer":"p1774969155491","teamId":"regular-team-1774969085541","assister":"p1774969161709"},{"type":"goal","scorer":"p1774969118039","teamId":"regular-team-1774969087257","assister":"p1774969098109"},{"type":"goal","scorer":"p1774969109125","teamId":"regular-team-1774969087257","assister":"p1774969105573"},{"type":"goal","scorer":"p1774969155491","teamId":"regular-team-1774969085541","assister":"p1774969186390"},{"type":"goal","scorer":"p1774969169223","teamId":"regular-team-1774969085541"},{"type":"goal","scorer":"p1774969118039","teamId":"regular-team-1774969087257","assister":"p1774969109125"}]', '2026-03-31T17:08:00.472916+00:00') ON CONFLICT (id) DO UPDATE SET tournament_id = EXCLUDED.tournament_id, league_id = EXCLUDED.league_id, round = EXCLUDED.round, team_a = EXCLUDED.team_a, team_b = EXCLUDED.team_b, score = EXCLUDED.score, events = EXCLUDED.events, created_at = EXCLUDED.created_at;
INSERT INTO soccer_zone_dev.matches (id, tournament_id, league_id, round, team_a, team_b, score, events, created_at) VALUES ('g1774980730817', 'league-1774968768010-1774968794480', 'league-1774968768010', 2, 'regular-team-1774969045658', 'regular-team-1774969003206', '{"a":12,"b":5}', '[{"type":"goal","scorer":"","teamId":"regular-team-1774969045658"},{"type":"goal","scorer":"p1774969041791","teamId":"regular-team-1774969003206"},{"type":"goal","scorer":"p1774969041791","teamId":"regular-team-1774969003206"},{"type":"goal","scorer":"p1774969010757","teamId":"regular-team-1774969003206","assister":"p1774969019542"},{"type":"goal","scorer":"p1774969078808","teamId":"regular-team-1774969045658","assister":"p1774969070531"},{"type":"goal","scorer":"p1774978768906","teamId":"regular-team-1774969045658"},{"type":"goal","scorer":"p1774978768906","teamId":"regular-team-1774969045658","assister":"p1774969078808"},{"type":"goal","scorer":"p1774969074257","teamId":"regular-team-1774969045658"},{"type":"goal","scorer":"p1774978768906","teamId":"regular-team-1774969045658","assister":"p1774969062458"},{"type":"goal","scorer":"p1774969065624","teamId":"regular-team-1774969045658","assister":"p1774978768906"},{"type":"goal","scorer":"p1774978768906","teamId":"regular-team-1774969045658"},{"type":"goal","scorer":"p1774969041791","teamId":"regular-team-1774969003206"},{"type":"goal","scorer":"p1774969078808","teamId":"regular-team-1774969045658","assister":"p1774969062458"},{"type":"goal","scorer":"p1774969078808","teamId":"regular-team-1774969045658","assister":"p1774978768906"},{"type":"goal","scorer":"p1774969056043","teamId":"regular-team-1774969045658","assister":"p1774969062458"},{"type":"goal","scorer":"p1774969065624","teamId":"regular-team-1774969045658","assister":"p1774978768906"},{"type":"goal","scorer":"p1774969022975","teamId":"regular-team-1774969003206","assister":"p1774969010757"}]', '2026-03-31T19:12:57.792065+00:00') ON CONFLICT (id) DO UPDATE SET tournament_id = EXCLUDED.tournament_id, league_id = EXCLUDED.league_id, round = EXCLUDED.round, team_a = EXCLUDED.team_a, team_b = EXCLUDED.team_b, score = EXCLUDED.score, events = EXCLUDED.events, created_at = EXCLUDED.created_at;
INSERT INTO soccer_zone_dev.matches (id, tournament_id, league_id, round, team_a, team_b, score, events, created_at) VALUES ('g1774984374290', 'league-1774968768010-1774968794480', 'league-1774968768010', 1, 'regular-team-1774968879908', 'regular-team-1774968941258', '{"a":7,"b":11}', '[{"type":"goal","scorer":"p1774968973541","teamId":"regular-team-1774968941258","assister":"p1774968966242"},{"type":"goal","scorer":"p1774968966242","teamId":"regular-team-1774968941258","assister":"p1774968970025"},{"type":"goal","scorer":"p1774968962107","teamId":"regular-team-1774968941258","assister":"p1774968973541"},{"type":"goal","scorer":"p1774968973541","teamId":"regular-team-1774968941258","assister":"p1774968970025"},{"type":"goal","scorer":"p1774968962107","teamId":"regular-team-1774968941258","assister":"p1774968973541"},{"type":"goal","scorer":"p1774968952941","teamId":"regular-team-1774968879908"},{"type":"goal","scorer":"p1774968962107","teamId":"regular-team-1774968941258","assister":"p1774968966242"},{"type":"goal","scorer":"p1774968962107","teamId":"regular-team-1774968941258","assister":"p1774968953806"},{"type":"goal","scorer":"p1774968913857","teamId":"regular-team-1774968879908","assister":"p1774968890059"},{"type":"goal","scorer":"p1774968962107","teamId":"regular-team-1774968941258","assister":"p1774968966242"},{"type":"goal","scorer":"p1774968952941","teamId":"regular-team-1774968879908"},{"type":"goal","scorer":"p1774968952941","teamId":"regular-team-1774968879908"},{"type":"goal","scorer":"p1774968890059","teamId":"regular-team-1774968879908"},{"type":"goal","scorer":"p1774968962107","teamId":"regular-team-1774968941258"},{"type":"goal","scorer":"p1774968890059","teamId":"regular-team-1774968879908","assister":"p1774968952941"},{"type":"goal","scorer":"p1774968966242","teamId":"regular-team-1774968941258"},{"type":"goal","scorer":"p1774968985824","teamId":"regular-team-1774968941258"},{"type":"goal","scorer":"p1774968920608","teamId":"regular-team-1774968879908","assister":"p1774968890059"}]', '2026-03-31T19:12:57.792065+00:00') ON CONFLICT (id) DO UPDATE SET tournament_id = EXCLUDED.tournament_id, league_id = EXCLUDED.league_id, round = EXCLUDED.round, team_a = EXCLUDED.team_a, team_b = EXCLUDED.team_b, score = EXCLUDED.score, events = EXCLUDED.events, created_at = EXCLUDED.created_at;
INSERT INTO soccer_zone_dev.matches (id, tournament_id, league_id, round, team_a, team_b, score, events, created_at) VALUES ('league5-2026-02-21-g2', 'league5-2026-02-21', 'league-1774816188496', 2, 'regular-team-1774816250225', 'regular-team-1774816243379', '{"a":6,"b":4}', '[{"type":"_meta","description":"2026-02-21 21:00","clockSeconds":3000},{"type":"goal","scorer":"league5-זיו-אושבייב","teamId":"regular-team-1774816250225","assister":"league5-שי-שמחיוב"},{"type":"goal","scorer":"league5-זיו-אושבייב","teamId":"regular-team-1774816250225","assister":"league5-שי-שמחיוב"},{"type":"goal","scorer":"league5-זיו-אושבייב","teamId":"regular-team-1774816250225","assister":"league5-שי-שמחיוב"},{"type":"goal","scorer":"league5-זיו-אושבייב","teamId":"regular-team-1774816250225","assister":"league5-שי-שמחיוב"},{"type":"goal","scorer":"league5-ודיע-פדילה","teamId":"regular-team-1774816250225","assister":"league5-אוס-עבד-אל-רחים"},{"type":"goal","scorer":"league5-זיו-אושבייב","teamId":"regular-team-1774816250225","assister":"league5-אוס-עבד-אל-רחים"},{"type":"goal","scorer":"league5-מאמון-שייח-יוסף","teamId":"regular-team-1774816243379","assister":"league5-מוחמד-בראנסי"},{"type":"goal","scorer":"league5-מוחמד-בראנסי","teamId":"regular-team-1774816243379","assister":"league5-סעיד-שיך-יוסף"},{"type":"goal","scorer":"league5-מאמון-שייח-יוסף","teamId":"regular-team-1774816243379","assister":"league5-מוחמד-בראנסי"},{"type":"goal","scorer":"league5-מואמן-נאסר","teamId":"regular-team-1774816243379","assister":"league5-מוחמד-בראנסי"}]', '2026-04-03T13:13:41.135292+00:00') ON CONFLICT (id) DO UPDATE SET tournament_id = EXCLUDED.tournament_id, league_id = EXCLUDED.league_id, round = EXCLUDED.round, team_a = EXCLUDED.team_a, team_b = EXCLUDED.team_b, score = EXCLUDED.score, events = EXCLUDED.events, created_at = EXCLUDED.created_at;
INSERT INTO soccer_zone_dev.matches (id, tournament_id, league_id, round, team_a, team_b, score, events, created_at) VALUES ('league5-2026-03-07-g1', 'league5-2026-03-07', 'league-1774816188496', 1, 'regular-team-1774816250225', 'regular-team-1774816258108', '{"a":7,"b":9}', '[{"type":"_meta","description":"2026-03-07 20:00","clockSeconds":3000},{"type":"goal","scorer":"league5-הנרי-גנגה","teamId":"regular-team-1774816258108","assister":"league5-עומאר-אבו-חיט"},{"type":"goal","scorer":"league5-מואמן-חאג-יחיא","teamId":"regular-team-1774816258108","assister":"league5-הנרי-גנגה"},{"type":"goal","scorer":"league5-הנרי-גנגה","teamId":"regular-team-1774816258108","assister":"league5-מואמן-חאג-יחיא"},{"type":"goal","scorer":"league5-מואמן-חאג-יחיא","teamId":"regular-team-1774816258108","assister":"league5-הנרי-גנגה"},{"type":"goal","scorer":"league5-דניאל-וולסמן","teamId":"regular-team-1774816258108","assister":"league5-הנרי-גנגה"},{"type":"goal","scorer":"league5-הנרי-גנגה","teamId":"regular-team-1774816258108","assister":"league5-מואמן-חאג-יחיא"},{"type":"goal","scorer":"league5-מואמן-חאג-יחיא","teamId":"regular-team-1774816258108","assister":"league5-הנרי-גנגה"},{"type":"goal","scorer":"league5-דניאל-וולסמן","teamId":"regular-team-1774816258108","assister":"league5-מואמן-חאג-יחיא"},{"type":"goal","scorer":"league5-הנרי-גנגה","teamId":"regular-team-1774816258108","assister":"league5-מתן-שגב"},{"type":"goal","scorer":"league5-אסי-סגל","teamId":"regular-team-1774816250225","assister":"league5-אוס-עבד-אל-רחים"},{"type":"goal","scorer":"league5-ודיע-פדילה","teamId":"regular-team-1774816250225","assister":"league5-זיו-אושבייב"},{"type":"goal","scorer":"league5-זיו-אושבייב","teamId":"regular-team-1774816250225","assister":"league5-ודיע-פדילה"},{"type":"goal","scorer":"league5-אסי-סגל","teamId":"regular-team-1774816250225","assister":"league5-ודיע-פדילה"},{"type":"goal","scorer":"league5-ודיע-פדילה","teamId":"regular-team-1774816250225","assister":"league5-זיו-אושבייב"},{"type":"goal","scorer":"league5-זיו-אושבייב","teamId":"regular-team-1774816250225","assister":"league5-ודיע-פדילה"},{"type":"goal","scorer":"league5-אסי-סגל","teamId":"regular-team-1774816250225","assister":"league5-זיו-אושבייב"}]', '2026-04-03T13:13:41.135292+00:00') ON CONFLICT (id) DO UPDATE SET tournament_id = EXCLUDED.tournament_id, league_id = EXCLUDED.league_id, round = EXCLUDED.round, team_a = EXCLUDED.team_a, team_b = EXCLUDED.team_b, score = EXCLUDED.score, events = EXCLUDED.events, created_at = EXCLUDED.created_at;
INSERT INTO soccer_zone_dev.matches (id, tournament_id, league_id, round, team_a, team_b, score, events, created_at) VALUES ('league5-2026-03-07-g2', 'league5-2026-03-07', 'league-1774816188496', 2, 'regular-team-1774816254176', 'regular-team-1774816243379', '{"a":7,"b":13}', '[{"type":"_meta","description":"2026-03-07 21:00","clockSeconds":3000},{"type":"goal","scorer":"league5-ליאור-פרידמן","teamId":"regular-team-1774816254176","assister":"league5-טל-עמוס"},{"type":"goal","scorer":"league5-סירג-מסרואה","teamId":"regular-team-1774816254176","assister":"league5-טל-עמוס"},{"type":"goal","scorer":"league5-עדיאל-אלון","teamId":"regular-team-1774816254176","assister":"league5-טל-עמוס"},{"type":"goal","scorer":"league5-טל-עמוס","teamId":"regular-team-1774816254176","assister":"league5-יובל-שלמה"},{"type":"goal","scorer":"league5-יובל-שלמה","teamId":"regular-team-1774816254176","assister":"league5-טל-עמוס"},{"type":"goal","scorer":"league5-ליאור-פרידמן","teamId":"regular-team-1774816254176","assister":"league5-טל-עמוס"},{"type":"goal","scorer":"league5-מתן-עופר","teamId":"regular-team-1774816254176","assister":"league5-טל-עמוס"},{"type":"goal","scorer":"league5-מוחמד-בראנסי","teamId":"regular-team-1774816243379","assister":"league5-סעיד-שיך-יוסף"},{"type":"goal","scorer":"league5-מאמון-שייח-יוסף","teamId":"regular-team-1774816243379","assister":"league5-מוחמד-בראנסי"},{"type":"goal","scorer":"league5-מואמן-נאסר","teamId":"regular-team-1774816243379","assister":"league5-מוחמד-בראנסי"},{"type":"goal","scorer":"league5-מוחמד-בראנסי","teamId":"regular-team-1774816243379","assister":"league5-סעיד-שיך-יוסף"},{"type":"goal","scorer":"league5-סעיד-שיך-יוסף","teamId":"regular-team-1774816243379","assister":"league5-מאמון-שייח-יוסף"},{"type":"goal","scorer":"league5-מאמון-שייח-יוסף","teamId":"regular-team-1774816243379","assister":"league5-זיו-ברגר"},{"type":"goal","scorer":"league5-מואמן-נאסר","teamId":"regular-team-1774816243379","assister":"league5-מאמון-שייח-יוסף"},{"type":"goal","scorer":"league5-מוחמד-בראנסי","teamId":"regular-team-1774816243379","assister":"league5-מואמן-נאסר"},{"type":"goal","scorer":"league5-סעיד-שיך-יוסף","teamId":"regular-team-1774816243379","assister":"league5-מועד-שחאדה"},{"type":"goal","scorer":"league5-מאמון-שייח-יוסף","teamId":"regular-team-1774816243379","assister":"league5-עבד-מנסור"},{"type":"goal","scorer":"league5-מואמן-נאסר","teamId":"regular-team-1774816243379"},{"type":"goal","scorer":"league5-מוחמד-בראנסי","teamId":"regular-team-1774816243379"},{"type":"goal","scorer":"league5-סעיד-שיך-יוסף","teamId":"regular-team-1774816243379"}]', '2026-04-03T13:13:41.135292+00:00') ON CONFLICT (id) DO UPDATE SET tournament_id = EXCLUDED.tournament_id, league_id = EXCLUDED.league_id, round = EXCLUDED.round, team_a = EXCLUDED.team_a, team_b = EXCLUDED.team_b, score = EXCLUDED.score, events = EXCLUDED.events, created_at = EXCLUDED.created_at;
INSERT INTO soccer_zone_dev.matches (id, tournament_id, league_id, round, team_a, team_b, score, events, created_at) VALUES ('league5-2026-03-14-g1', 'league5-2026-03-14', 'league-1774816188496', 1, 'regular-team-1774816250225', 'regular-team-1774816254176', '{"a":6,"b":7}', '[{"type":"_meta","description":"2026-03-14 20:00","clockSeconds":3000},{"type":"goal","scorer":"league5-ודיע-פדילה","teamId":"regular-team-1774816250225","assister":"league5-אסי-סגל"},{"type":"goal","scorer":"league5-זיו-אושבייב","teamId":"regular-team-1774816250225","assister":"league5-אסי-סגל"},{"type":"goal","scorer":"league5-אסי-סגל","teamId":"regular-team-1774816250225","assister":"league5-עבד-אליהו"},{"type":"goal","scorer":"league5-ודיע-פדילה","teamId":"regular-team-1774816250225","assister":"league5-עבד-אליהו"},{"type":"goal","scorer":"league5-זיו-אושבייב","teamId":"regular-team-1774816250225","assister":"league5-הדר-שפיבק"},{"type":"goal","scorer":"league5-אוס-עבד-אל-רחים","teamId":"regular-team-1774816250225"},{"type":"goal","scorer":"league5-סירג-מסרואה","teamId":"regular-team-1774816254176","assister":"league5-יובל-שלמה"},{"type":"goal","scorer":"league5-עדיאל-אלון","teamId":"regular-team-1774816254176","assister":"league5-יובל-שלמה"},{"type":"goal","scorer":"league5-טל-עמוס","teamId":"regular-team-1774816254176","assister":"league5-יובל-שלמה"},{"type":"goal","scorer":"league5-יובל-שלמה","teamId":"regular-team-1774816254176","assister":"league5-ליאור-פרידמן"},{"type":"goal","scorer":"league5-ליאור-פרידמן","teamId":"regular-team-1774816254176","assister":"league5-מתן-עופר"},{"type":"goal","scorer":"league5-מתן-עופר","teamId":"regular-team-1774816254176","assister":"league5-ליאור-פרידמן"},{"type":"goal","scorer":"league5-סירג-מסרואה","teamId":"regular-team-1774816254176","assister":"league5-ליאור-פרידמן"}]', '2026-04-03T13:13:41.135292+00:00') ON CONFLICT (id) DO UPDATE SET tournament_id = EXCLUDED.tournament_id, league_id = EXCLUDED.league_id, round = EXCLUDED.round, team_a = EXCLUDED.team_a, team_b = EXCLUDED.team_b, score = EXCLUDED.score, events = EXCLUDED.events, created_at = EXCLUDED.created_at;
INSERT INTO soccer_zone_dev.matches (id, tournament_id, league_id, round, team_a, team_b, score, events, created_at) VALUES ('league5-2026-03-14-g2', 'league5-2026-03-14', 'league-1774816188496', 2, 'regular-team-1774816243379', 'regular-team-1774816258108', '{"a":8,"b":11}', '[{"type":"_meta","description":"2026-03-14 21:00","clockSeconds":3000},{"type":"goal","scorer":"league5-מואמן-חאג-יחיא","teamId":"regular-team-1774816258108","assister":"league5-מתן-שגב"},{"type":"goal","scorer":"league5-דניאל-וולסמן","teamId":"regular-team-1774816258108","assister":"league5-מתן-שגב"},{"type":"goal","scorer":"league5-הנרי-גנגה","teamId":"regular-team-1774816258108"},{"type":"goal","scorer":"league5-מואמן-חאג-יחיא","teamId":"regular-team-1774816258108"},{"type":"goal","scorer":"league5-דניאל-וולסמן","teamId":"regular-team-1774816258108"},{"type":"goal","scorer":"league5-הנרי-גנגה","teamId":"regular-team-1774816258108"},{"type":"goal","scorer":"league5-מואמן-חאג-יחיא","teamId":"regular-team-1774816258108"},{"type":"goal","scorer":"league5-עומאר-אבו-חיט","teamId":"regular-team-1774816258108"},{"type":"goal","scorer":"league5-דניאל-וולסמן","teamId":"regular-team-1774816258108"},{"type":"goal","scorer":"league5-הנרי-גנגה","teamId":"regular-team-1774816258108"},{"type":"goal","scorer":"league5-חוסיין-נאסר","teamId":"regular-team-1774816258108"},{"type":"goal","scorer":"league5-מאמון-שייח-יוסף","teamId":"regular-team-1774816243379"},{"type":"goal","scorer":"league5-מואמן-נאסר","teamId":"regular-team-1774816243379"},{"type":"goal","scorer":"league5-מוחמד-בראנסי","teamId":"regular-team-1774816243379"},{"type":"goal","scorer":"league5-סעיד-שיך-יוסף","teamId":"regular-team-1774816243379"},{"type":"goal","scorer":"league5-כרם-שביטה","teamId":"regular-team-1774816243379"},{"type":"goal","scorer":"league5-מאמון-שייח-יוסף","teamId":"regular-team-1774816243379"},{"type":"goal","scorer":"league5-מואמן-נאסר","teamId":"regular-team-1774816243379"},{"type":"goal","scorer":"league5-מוחמד-בראנסי","teamId":"regular-team-1774816243379"}]', '2026-04-03T13:13:41.135292+00:00') ON CONFLICT (id) DO UPDATE SET tournament_id = EXCLUDED.tournament_id, league_id = EXCLUDED.league_id, round = EXCLUDED.round, team_a = EXCLUDED.team_a, team_b = EXCLUDED.team_b, score = EXCLUDED.score, events = EXCLUDED.events, created_at = EXCLUDED.created_at;
INSERT INTO soccer_zone_dev.matches (id, tournament_id, league_id, round, team_a, team_b, score, events, created_at) VALUES ('league5-2026-03-28-g1', 'league5-2026-03-28', 'league-1774816188496', 1, 'regular-team-1774816250225', 'regular-team-1774816243379', '{"a":6,"b":2}', '[{"type":"_meta","description":"2026-03-28 20:00","clockSeconds":3000},{"type":"goal","scorer":"league5-אסי-סגל","teamId":"regular-team-1774816250225"},{"type":"goal","scorer":"league5-הדר-שפיבק","teamId":"regular-team-1774816250225"},{"type":"goal","scorer":"league5-ודיע-פדילה","teamId":"regular-team-1774816250225"},{"type":"goal","scorer":"league5-זיו-אושבייב","teamId":"regular-team-1774816250225"},{"type":"goal","scorer":"league5-עבד-אליהו","teamId":"regular-team-1774816250225"},{"type":"goal","scorer":"league5-שי-שמחיוב","teamId":"regular-team-1774816250225"},{"type":"goal","scorer":"league5-סעיד-שיך-יוסף","teamId":"regular-team-1774816243379"},{"type":"goal","scorer":"league5-עבד-מנסור","teamId":"regular-team-1774816243379"}]', '2026-04-03T13:13:41.135292+00:00') ON CONFLICT (id) DO UPDATE SET tournament_id = EXCLUDED.tournament_id, league_id = EXCLUDED.league_id, round = EXCLUDED.round, team_a = EXCLUDED.team_a, team_b = EXCLUDED.team_b, score = EXCLUDED.score, events = EXCLUDED.events, created_at = EXCLUDED.created_at;
INSERT INTO soccer_zone_dev.matches (id, tournament_id, league_id, round, team_a, team_b, score, events, created_at) VALUES ('league5-2026-03-28-g2', 'league5-2026-03-28', 'league-1774816188496', 2, 'regular-team-1774816258108', 'regular-team-1774816254176', '{"a":7,"b":14}', '[{"type":"_meta","description":"2026-03-28 21:00","clockSeconds":3000},{"type":"goal","scorer":"league5-מואמן-חאג-יחיא","teamId":"regular-team-1774816258108"},{"type":"goal","scorer":"league5-עומאר-אבו-חיט","teamId":"regular-team-1774816258108"},{"type":"goal","scorer":"league5-דניאל-וולסמן","teamId":"regular-team-1774816258108"},{"type":"goal","scorer":"league5-הנרי-גנגה","teamId":"regular-team-1774816258108"},{"type":"goal","scorer":"league5-חוסיין-נאסר","teamId":"regular-team-1774816258108"},{"type":"goal","scorer":"league5-מואמן-חאג-יחיא","teamId":"regular-team-1774816258108"},{"type":"goal","scorer":"league5-עומאר-אבו-חיט","teamId":"regular-team-1774816258108"},{"type":"goal","scorer":"league5-עדיאל-אלון","teamId":"regular-team-1774816254176","assister":"league5-ליאור-פרידמן"},{"type":"goal","scorer":"league5-טל-עמוס","teamId":"regular-team-1774816254176","assister":"league5-מתן-עופר"},{"type":"goal","scorer":"league5-יובל-שלמה","teamId":"regular-team-1774816254176","assister":"league5-מתן-עופר"},{"type":"goal","scorer":"league5-ליאור-פרידמן","teamId":"regular-team-1774816254176","assister":"league5-מתן-עופר"},{"type":"goal","scorer":"league5-מתן-עופר","teamId":"regular-team-1774816254176","assister":"league5-עדיאל-אלון"},{"type":"goal","scorer":"league5-סירג-מסרואה","teamId":"regular-team-1774816254176","assister":"league5-עדיאל-אלון"},{"type":"goal","scorer":"league5-עדיאל-אלון","teamId":"regular-team-1774816254176","assister":"league5-סירג-מסרואה"},{"type":"goal","scorer":"league5-בן-גמליאל","teamId":"regular-team-1774816254176","assister":"league5-עדיאל-אלון"},{"type":"goal","scorer":"league5-טל-עמוס","teamId":"regular-team-1774816254176","assister":"league5-סירג-מסרואה"},{"type":"goal","scorer":"league5-יובל-שלמה","teamId":"regular-team-1774816254176"},{"type":"goal","scorer":"league5-ליאור-פרידמן","teamId":"regular-team-1774816254176"},{"type":"goal","scorer":"league5-מתן-עופר","teamId":"regular-team-1774816254176"},{"type":"goal","scorer":"league5-סירג-מסרואה","teamId":"regular-team-1774816254176"},{"type":"goal","scorer":"league5-עדיאל-אלון","teamId":"regular-team-1774816254176"}]', '2026-04-03T13:13:41.135292+00:00') ON CONFLICT (id) DO UPDATE SET tournament_id = EXCLUDED.tournament_id, league_id = EXCLUDED.league_id, round = EXCLUDED.round, team_a = EXCLUDED.team_a, team_b = EXCLUDED.team_b, score = EXCLUDED.score, events = EXCLUDED.events, created_at = EXCLUDED.created_at;
INSERT INTO soccer_zone_dev.matches (id, tournament_id, league_id, round, team_a, team_b, score, events, created_at) VALUES ('league5-2026-02-21-g1', 'league5-2026-02-21', 'league-1774816188496', 1, 'regular-team-1774816258108', 'regular-team-1774816254176', '{"a":13,"b":6}', '[{"type":"_meta","description":"2026-02-21 20:00","clockSeconds":3000},{"type":"goal","scorer":"league5-הנרי-גנגה","teamId":"regular-team-1774816258108","assister":"league5-דניאל-וולסמן"},{"type":"goal","scorer":"league5-הנרי-גנגה","teamId":"regular-team-1774816258108","assister":"league5-דניאל-וולסמן"},{"type":"goal","scorer":"league5-הנרי-גנגה","teamId":"regular-team-1774816258108","assister":"league5-דניאל-וולסמן"},{"type":"goal","scorer":"league5-הנרי-גנגה","teamId":"regular-team-1774816258108","assister":"league5-דניאל-וולסמן"},{"type":"goal","scorer":"league5-הנרי-גנגה","teamId":"regular-team-1774816258108","assister":"league5-דניאל-וולסמן"},{"type":"goal","scorer":"league5-הנרי-גנגה","teamId":"regular-team-1774816258108","assister":"league5-חוסיין-נאסר"},{"type":"goal","scorer":"league5-הנרי-גנגה","teamId":"regular-team-1774816258108","assister":"league5-חוסיין-נאסר"},{"type":"goal","scorer":"league5-הנרי-גנגה","teamId":"regular-team-1774816258108","assister":"league5-חוסיין-נאסר"},{"type":"goal","scorer":"league5-הנרי-גנגה","teamId":"regular-team-1774816258108","assister":"league5-חוסיין-נאסר"},{"type":"goal","scorer":"league5-הנרי-גנגה","teamId":"regular-team-1774816258108","assister":"league5-עומאר-אבו-חיט"},{"type":"goal","scorer":"league5-הנרי-גנגה","teamId":"regular-team-1774816258108","assister":"league5-עומאר-אבו-חיט"},{"type":"goal","scorer":"league5-הנרי-גנגה","teamId":"regular-team-1774816258108","assister":"league5-עומאר-אבו-חיט"},{"type":"goal","scorer":"league5-מואמן-חאג-יחיא","teamId":"regular-team-1774816258108","assister":"league5-הנרי-גנגה"},{"type":"goal","scorer":"league5-עדיאל-אלון","teamId":"regular-team-1774816254176","assister":"league5-טל-עמוס"},{"type":"goal","scorer":"league5-טל-עמוס","teamId":"regular-team-1774816254176","assister":"league5-יובל-שלמה"},{"type":"goal","scorer":"league5-יובל-שלמה","teamId":"regular-team-1774816254176","assister":"league5-טל-עמוס"},{"type":"goal","scorer":"league5-עדיאל-אלון","teamId":"regular-team-1774816254176","assister":"league5-טל-עמוס"},{"type":"goal","scorer":"league5-טל-עמוס","teamId":"regular-team-1774816254176","assister":"league5-יובל-שלמה"},{"type":"goal","scorer":"league5-יובל-שלמה","teamId":"regular-team-1774816254176","assister":"league5-טל-עמוס"}]', '2026-04-03T13:13:41.135292+00:00') ON CONFLICT (id) DO UPDATE SET tournament_id = EXCLUDED.tournament_id, league_id = EXCLUDED.league_id, round = EXCLUDED.round, team_a = EXCLUDED.team_a, team_b = EXCLUDED.team_b, score = EXCLUDED.score, events = EXCLUDED.events, created_at = EXCLUDED.created_at;
