-- sz-league-5-prod.sql
-- League 5 full data for soccer_zone_prod (all 5 rounds)
-- Generated 2026-04-10
-- Run manually on prod Supabase SQL editor

SET search_path TO soccer_zone_prod;

-- ── Schema migration (add columns if not yet present on prod) ────────────────
ALTER TABLE players
  ADD COLUMN IF NOT EXISTS is_offense boolean NOT NULL DEFAULT false,
  ADD COLUMN IF NOT EXISTS is_defense boolean NOT NULL DEFAULT false;

-- ── League ──────────────────────────────────────────────────────────────────
INSERT INTO leagues (id, name, type, season_label, allow_roster_edits, teams)
VALUES (
  'league-1774816188496',
  'ליגת סוקרזון 5 - 2025',
  'regular',
  '2026',
  false,
  '[{"id":"regular-team-1774816243379","name":"נשרים","color":"black","players":["league5-מוחמד-בראנסי","league5-מאמון-שייח-יוסף","league5-מואמן-נאסר","league5-סעיד-שיך-יוסף","league5-כרם-שביטה","league5-עבד-מנסור","league5-מועד-שחאדה"]},{"id":"regular-team-1774816250225","name":"אריות","color":"yellow","players":["league5-זיו-אושבייב","league5-ודיע-פדילה","league5-אסי-סגל","league5-שי-שמחיוב","league5-עבד-אליהו","league5-הדר-שפיבק","league5-אוס-עבד-אל-רחים"]},{"id":"regular-team-1774816254176","name":"דרקונים","color":"pink","players":["league5-עדיאל-אלון","league5-יובל-שלמה","league5-טל-עמוס","league5-סירג-מסרואה","league5-ליאור-פרידמן","league5-מתן-עופר","league5-בן-גמליאל"]},{"id":"regular-team-1774816258108","name":"זאבים","color":"orange","players":["league5-הנרי-גנגה","league5-מואמן-חאג-יחיא","league5-דניאל-וולסמן","league5-עומאר-אבו-חיט","league5-חוסיין-נאסר","league5-מתן-שגב"]}]'::jsonb
)
ON CONFLICT (id) DO UPDATE SET
  name = EXCLUDED.name,
  teams = EXCLUDED.teams;

-- ── Players ─────────────────────────────────────────────────────────────────
INSERT INTO players (id, name, league_id, is_offense, is_defense)
VALUES
  ('league5-מוחמד-בראנסי', 'מוחמד בראנסי', 'league-1774816188496', true, false),
  ('league5-מאמון-שייח-יוסף', 'מאמון שייח יוסף', 'league-1774816188496', true, false),
  ('league5-מואמן-נאסר', 'מואמן נאסר', 'league-1774816188496', true, true),
  ('league5-סעיד-שיך-יוסף', 'סעיד שיך יוסף', 'league-1774816188496', true, false),
  ('league5-כרם-שביטה', 'כרם שביטה', 'league-1774816188496', true, true),
  ('league5-עבד-מנסור', 'עבד מנסור', 'league-1774816188496', true, true),
  ('league5-מועד-שחאדה', 'מועד שחאדה', 'league-1774816188496', false, true),
  ('league5-זיו-אושבייב', 'זיו אושבייב', 'league-1774816188496', true, false),
  ('league5-ודיע-פדילה', 'ודיע פדילה', 'league-1774816188496', true, false),
  ('league5-אסי-סגל', 'אסי סגל', 'league-1774816188496', true, false),
  ('league5-שי-שמחיוב', 'שי שמחיוב', 'league-1774816188496', true, false),
  ('league5-עבד-אליהו', 'עבד אליהו', 'league-1774816188496', true, true),
  ('league5-הדר-שפיבק', 'הדר שפיבק', 'league-1774816188496', true, true),
  ('league5-אוס-עבד-אל-רחים', 'אוס עבד אל רחים', 'league-1774816188496', true, false),
  ('league5-עדיאל-אלון', 'עדיאל אלון', 'league-1774816188496', true, false),
  ('league5-יובל-שלמה', 'יובל שלמה', 'league-1774816188496', true, false),
  ('league5-טל-עמוס', 'טל עמוס', 'league-1774816188496', true, false),
  ('league5-סירג-מסרואה', 'סירג'' מסרואה', 'league-1774816188496', true, true),
  ('league5-ליאור-פרידמן', 'ליאור פרידמן', 'league-1774816188496', true, false),
  ('league5-מתן-עופר', 'מתן עופר', 'league-1774816188496', true, false),
  ('league5-בן-גמליאל', 'בן גמליאל', 'league-1774816188496', true, true),
  ('league5-הנרי-גנגה', 'הנרי גנגה', 'league-1774816188496', true, false),
  ('league5-מואמן-חאג-יחיא', 'מואמן חאג'' יחיא', 'league-1774816188496', true, false),
  ('league5-דניאל-וולסמן', 'דניאל וולסמן', 'league-1774816188496', true, false),
  ('league5-עומאר-אבו-חיט', 'עומאר אבו חיט', 'league-1774816188496', true, false),
  ('league5-חוסיין-נאסר', 'חוסיין נאסר', 'league-1774816188496', true, false),
  ('league5-מתן-שגב', 'מתן שגב', 'league-1774816188496', true, true)
ON CONFLICT (id) DO UPDATE SET
  name = EXCLUDED.name,
  league_id = EXCLUDED.league_id,
  is_offense = EXCLUDED.is_offense,
  is_defense = EXCLUDED.is_defense;

-- ── Tournaments ─────────────────────────────────────────────────────────────
INSERT INTO tournaments (id, date, league_number, league_id, year, teams)
VALUES
  ('league5-2026-02-21', '2026-02-21', 1, 'league-1774816188496', 2026, '[{"id":"regular-team-1774816243379","name":"נשרים","color":"black","players":["league5-מוחמד-בראנסי","league5-מאמון-שייח-יוסף","league5-מואמן-נאסר","league5-סעיד-שיך-יוסף","league5-כרם-שביטה","league5-עבד-מנסור","league5-מועד-שחאדה"]},{"id":"regular-team-1774816250225","name":"אריות","color":"yellow","players":["league5-זיו-אושבייב","league5-ודיע-פדילה","league5-אסי-סגל","league5-שי-שמחיוב","league5-עבד-אליהו","league5-הדר-שפיבק","league5-אוס-עבד-אל-רחים"]},{"id":"regular-team-1774816254176","name":"דרקונים","color":"pink","players":["league5-עדיאל-אלון","league5-יובל-שלמה","league5-טל-עמוס","league5-סירג-מסרואה","league5-ליאור-פרידמן","league5-מתן-עופר","league5-בן-גמליאל"]},{"id":"regular-team-1774816258108","name":"זאבים","color":"orange","players":["league5-הנרי-גנגה","league5-מואמן-חאג-יחיא","league5-דניאל-וולסמן","league5-עומאר-אבו-חיט","league5-חוסיין-נאסר","league5-מתן-שגב"]}]'::jsonb),
  ('league5-2026-03-07', '2026-03-07', 2, 'league-1774816188496', 2026, '[{"id":"regular-team-1774816243379","name":"נשרים","color":"black","players":["league5-מוחמד-בראנסי","league5-מאמון-שייח-יוסף","league5-מואמן-נאסר","league5-סעיד-שיך-יוסף","league5-כרם-שביטה","league5-עבד-מנסור","league5-מועד-שחאדה"]},{"id":"regular-team-1774816250225","name":"אריות","color":"yellow","players":["league5-זיו-אושבייב","league5-ודיע-פדילה","league5-אסי-סגל","league5-שי-שמחיוב","league5-עבד-אליהו","league5-הדר-שפיבק","league5-אוס-עבד-אל-רחים"]},{"id":"regular-team-1774816254176","name":"דרקונים","color":"pink","players":["league5-עדיאל-אלון","league5-יובל-שלמה","league5-טל-עמוס","league5-סירג-מסרואה","league5-ליאור-פרידמן","league5-מתן-עופר","league5-בן-גמליאל"]},{"id":"regular-team-1774816258108","name":"זאבים","color":"orange","players":["league5-הנרי-גנגה","league5-מואמן-חאג-יחיא","league5-דניאל-וולסמן","league5-עומאר-אבו-חיט","league5-חוסיין-נאסר","league5-מתן-שגב"]}]'::jsonb),
  ('league5-2026-03-14', '2026-03-14', 3, 'league-1774816188496', 2026, '[{"id":"regular-team-1774816243379","name":"נשרים","color":"black","players":["league5-מוחמד-בראנסי","league5-מאמון-שייח-יוסף","league5-מואמן-נאסר","league5-סעיד-שיך-יוסף","league5-כרם-שביטה","league5-עבד-מנסור","league5-מועד-שחאדה"]},{"id":"regular-team-1774816250225","name":"אריות","color":"yellow","players":["league5-זיו-אושבייב","league5-ודיע-פדילה","league5-אסי-סגל","league5-שי-שמחיוב","league5-עבד-אליהו","league5-הדר-שפיבק","league5-אוס-עבד-אל-רחים"]},{"id":"regular-team-1774816254176","name":"דרקונים","color":"pink","players":["league5-עדיאל-אלון","league5-יובל-שלמה","league5-טל-עמוס","league5-סירג-מסרואה","league5-ליאור-פרידמן","league5-מתן-עופר","league5-בן-גמליאל"]},{"id":"regular-team-1774816258108","name":"זאבים","color":"orange","players":["league5-הנרי-גנגה","league5-מואמן-חאג-יחיא","league5-דניאל-וולסמן","league5-עומאר-אבו-חיט","league5-חוסיין-נאסר","league5-מתן-שגב"]}]'::jsonb),
  ('league5-2026-03-28', '2026-03-28', 4, 'league-1774816188496', 2026, '[{"id":"regular-team-1774816243379","name":"נשרים","color":"black","players":["league5-מוחמד-בראנסי","league5-מאמון-שייח-יוסף","league5-מואמן-נאסר","league5-סעיד-שיך-יוסף","league5-כרם-שביטה","league5-עבד-מנסור","league5-מועד-שחאדה"]},{"id":"regular-team-1774816250225","name":"אריות","color":"yellow","players":["league5-זיו-אושבייב","league5-ודיע-פדילה","league5-אסי-סגל","league5-שי-שמחיוב","league5-עבד-אליהו","league5-הדר-שפיבק","league5-אוס-עבד-אל-רחים"]},{"id":"regular-team-1774816254176","name":"דרקונים","color":"pink","players":["league5-עדיאל-אלון","league5-יובל-שלמה","league5-טל-עמוס","league5-סירג-מסרואה","league5-ליאור-פרידמן","league5-מתן-עופר","league5-בן-גמליאל"]},{"id":"regular-team-1774816258108","name":"זאבים","color":"orange","players":["league5-הנרי-גנגה","league5-מואמן-חאג-יחיא","league5-דניאל-וולסמן","league5-עומאר-אבו-חיט","league5-חוסיין-נאסר","league5-מתן-שגב"]}]'::jsonb),
  ('league5-2026-04-11', '2026-04-11', 5, 'league-1774816188496', 2026, '[{"id":"regular-team-1774816243379","name":"נשרים","color":"black","players":["league5-מוחמד-בראנסי","league5-מאמון-שייח-יוסף","league5-מואמן-נאסר","league5-סעיד-שיך-יוסף","league5-כרם-שביטה","league5-עבד-מנסור","league5-מועד-שחאדה"]},{"id":"regular-team-1774816250225","name":"אריות","color":"yellow","players":["league5-זיו-אושבייב","league5-ודיע-פדילה","league5-אסי-סגל","league5-שי-שמחיוב","league5-עבד-אליהו","league5-הדר-שפיבק","league5-אוס-עבד-אל-רחים"]},{"id":"regular-team-1774816254176","name":"דרקונים","color":"pink","players":["league5-עדיאל-אלון","league5-יובל-שלמה","league5-טל-עמוס","league5-סירג-מסרואה","league5-ליאור-פרידמן","league5-מתן-עופר","league5-בן-גמליאל"]},{"id":"regular-team-1774816258108","name":"זאבים","color":"orange","players":["league5-הנרי-גנגה","league5-מואמן-חאג-יחיא","league5-דניאל-וולסמן","league5-עומאר-אבו-חיט","league5-חוסיין-נאסר","league5-מתן-שגב"]}]'::jsonb)
ON CONFLICT (id) DO UPDATE SET
  date = EXCLUDED.date,
  league_number = EXCLUDED.league_number,
  teams = EXCLUDED.teams,
  year = EXCLUDED.year;

-- ── Matches ─────────────────────────────────────────────────────────────────
-- Delete existing matches first so we can cleanly re-insert
DELETE FROM matches WHERE tournament_id IN ('league5-2026-02-21', 'league5-2026-03-07', 'league5-2026-03-14', 'league5-2026-03-28', 'league5-2026-04-11');

INSERT INTO matches (id, tournament_id, league_id, round, team_a, team_b, score, events)
VALUES
  ('league5-2026-02-21-g1', 'league5-2026-02-21', 'league-1774816188496', 1, 'regular-team-1774816258108', 'regular-team-1774816254176', '{"a":13,"b":6}'::jsonb, '[{"type":"_meta","description":"2026-02-21 20:00","clockSeconds":3000},{"type":"goal","teamId":"regular-team-1774816254176","scorer":"league5-עדיאל-אלון","assister":"league5-טל-עמוס"},{"type":"goal","teamId":"regular-team-1774816254176","scorer":"league5-טל-עמוס","assister":"league5-יובל-שלמה"},{"type":"goal","teamId":"regular-team-1774816254176","scorer":"league5-יובל-שלמה","assister":"league5-טל-עמוס"},{"type":"goal","teamId":"regular-team-1774816254176","scorer":"league5-עדיאל-אלון","assister":"league5-טל-עמוס"},{"type":"goal","teamId":"regular-team-1774816254176","scorer":"league5-טל-עמוס","assister":"league5-יובל-שלמה"},{"type":"goal","teamId":"regular-team-1774816254176","scorer":"league5-יובל-שלמה","assister":"league5-טל-עמוס"},{"type":"goal","teamId":"regular-team-1774816258108","scorer":"league5-הנרי-גנגה","assister":"league5-דניאל-וולסמן"},{"type":"goal","teamId":"regular-team-1774816258108","scorer":"league5-הנרי-גנגה","assister":"league5-דניאל-וולסמן"},{"type":"goal","teamId":"regular-team-1774816258108","scorer":"league5-הנרי-גנגה","assister":"league5-דניאל-וולסמן"},{"type":"goal","teamId":"regular-team-1774816258108","scorer":"league5-הנרי-גנגה","assister":"league5-דניאל-וולסמן"},{"type":"goal","teamId":"regular-team-1774816258108","scorer":"league5-הנרי-גנגה","assister":"league5-דניאל-וולסמן"},{"type":"goal","teamId":"regular-team-1774816258108","scorer":"league5-הנרי-גנגה","assister":"league5-דניאל-וולסמן"},{"type":"goal","teamId":"regular-team-1774816258108","scorer":"league5-הנרי-גנגה","assister":"league5-עומאר-אבו-חיט"},{"type":"goal","teamId":"regular-team-1774816258108","scorer":"league5-הנרי-גנגה","assister":"league5-עומאר-אבו-חיט"},{"type":"goal","teamId":"regular-team-1774816258108","scorer":"league5-הנרי-גנגה","assister":"league5-עומאר-אבו-חיט"},{"type":"goal","teamId":"regular-team-1774816258108","scorer":"league5-הנרי-גנגה","assister":"league5-עומאר-אבו-חיט"},{"type":"goal","teamId":"regular-team-1774816258108","scorer":"league5-הנרי-גנגה","assister":"league5-עומאר-אבו-חיט"},{"type":"goal","teamId":"regular-team-1774816258108","scorer":"league5-הנרי-גנגה","assister":"league5-חוסיין-נאסר"},{"type":"goal","teamId":"regular-team-1774816258108","scorer":"league5-הנרי-גנגה","assister":"league5-חוסיין-נאסר"}]'::jsonb),
  ('league5-2026-02-21-g2', 'league5-2026-02-21', 'league-1774816188496', 2, 'regular-team-1774816250225', 'regular-team-1774816243379', '{"a":6,"b":4}'::jsonb, '[{"type":"_meta","description":"2026-02-21 21:00","clockSeconds":3000},{"type":"goal","teamId":"regular-team-1774816243379","scorer":"league5-מאמון-שייח-יוסף","assister":"league5-מוחמד-בראנסי"},{"type":"goal","teamId":"regular-team-1774816243379","scorer":"league5-מוחמד-בראנסי","assister":"league5-סעיד-שיך-יוסף"},{"type":"goal","teamId":"regular-team-1774816243379","scorer":"league5-מאמון-שייח-יוסף","assister":"league5-מוחמד-בראנסי"},{"type":"goal","teamId":"regular-team-1774816243379","scorer":"league5-מוחמד-בראנסי","assister":"league5-סעיד-שיך-יוסף"},{"type":"goal","teamId":"regular-team-1774816250225","scorer":"league5-זיו-אושבייב","assister":"league5-שי-שמחיוב"},{"type":"goal","teamId":"regular-team-1774816250225","scorer":"league5-זיו-אושבייב","assister":"league5-שי-שמחיוב"},{"type":"goal","teamId":"regular-team-1774816250225","scorer":"league5-זיו-אושבייב","assister":"league5-שי-שמחיוב"},{"type":"goal","teamId":"regular-team-1774816250225","scorer":"league5-זיו-אושבייב","assister":"league5-שי-שמחיוב"},{"type":"goal","teamId":"regular-team-1774816250225","scorer":"league5-ודיע-פדילה","assister":"league5-שי-שמחיוב"},{"type":"goal","teamId":"regular-team-1774816250225","scorer":"league5-זיו-אושבייב","assister":"league5-ודיע-פדילה"}]'::jsonb),
  ('league5-2026-03-07-g1', 'league5-2026-03-07', 'league-1774816188496', 1, 'regular-team-1774816250225', 'regular-team-1774816258108', '{"a":7,"b":9}'::jsonb, '[{"type":"_meta","description":"2026-03-07 20:00","clockSeconds":3000},{"type":"goal","teamId":"regular-team-1774816250225","scorer":"league5-ודיע-פדילה","assister":"league5-זיו-אושבייב"},{"type":"goal","teamId":"regular-team-1774816250225","scorer":"league5-זיו-אושבייב","assister":"league5-ודיע-פדילה"},{"type":"goal","teamId":"regular-team-1774816250225","scorer":"league5-אסי-סגל","assister":"league5-ודיע-פדילה"},{"type":"goal","teamId":"regular-team-1774816250225","scorer":"league5-ודיע-פדילה","assister":"league5-זיו-אושבייב"},{"type":"goal","teamId":"regular-team-1774816250225","scorer":"league5-זיו-אושבייב","assister":"league5-ודיע-פדילה"},{"type":"goal","teamId":"regular-team-1774816250225","scorer":"league5-אסי-סגל","assister":"league5-זיו-אושבייב"},{"type":"goal","teamId":"regular-team-1774816250225","scorer":"league5-ודיע-פדילה","assister":"league5-זיו-אושבייב"},{"type":"goal","teamId":"regular-team-1774816258108","scorer":"league5-מואמן-חאג-יחיא","assister":"league5-הנרי-גנגה"},{"type":"goal","teamId":"regular-team-1774816258108","scorer":"league5-הנרי-גנגה","assister":"league5-חוסיין-נאסר"},{"type":"goal","teamId":"regular-team-1774816258108","scorer":"league5-מואמן-חאג-יחיא","assister":"league5-הנרי-גנגה"},{"type":"goal","teamId":"regular-team-1774816258108","scorer":"league5-הנרי-גנגה","assister":"league5-חוסיין-נאסר"},{"type":"goal","teamId":"regular-team-1774816258108","scorer":"league5-מואמן-חאג-יחיא","assister":"league5-הנרי-גנגה"},{"type":"goal","teamId":"regular-team-1774816258108","scorer":"league5-דניאל-וולסמן","assister":"league5-הנרי-גנגה"},{"type":"goal","teamId":"regular-team-1774816258108","scorer":"league5-הנרי-גנגה","assister":"league5-מואמן-חאג-יחיא"},{"type":"goal","teamId":"regular-team-1774816258108","scorer":"league5-מואמן-חאג-יחיא","assister":"league5-הנרי-גנגה"},{"type":"goal","teamId":"regular-team-1774816258108","scorer":"league5-דניאל-וולסמן","assister":"league5-הנרי-גנגה"}]'::jsonb),
  ('league5-2026-03-07-g2', 'league5-2026-03-07', 'league-1774816188496', 2, 'regular-team-1774816254176', 'regular-team-1774816243379', '{"a":7,"b":13}'::jsonb, '[{"type":"_meta","description":"2026-03-07 21:00","clockSeconds":3000},{"type":"goal","teamId":"regular-team-1774816243379","scorer":"league5-מאמון-שייח-יוסף","assister":"league5-מוחמד-בראנסי"},{"type":"goal","teamId":"regular-team-1774816243379","scorer":"league5-מואמן-נאסר","assister":"league5-מוחמד-בראנסי"},{"type":"goal","teamId":"regular-team-1774816243379","scorer":"league5-מוחמד-בראנסי","assister":"league5-סעיד-שיך-יוסף"},{"type":"goal","teamId":"regular-team-1774816243379","scorer":"league5-מאמון-שייח-יוסף","assister":"league5-מוחמד-בראנסי"},{"type":"goal","teamId":"regular-team-1774816243379","scorer":"league5-מואמן-נאסר","assister":"league5-מוחמד-בראנסי"},{"type":"goal","teamId":"regular-team-1774816243379","scorer":"league5-מוחמד-בראנסי","assister":"league5-סעיד-שיך-יוסף"},{"type":"goal","teamId":"regular-team-1774816243379","scorer":"league5-סעיד-שיך-יוסף","assister":"league5-מאמון-שייח-יוסף"},{"type":"goal","teamId":"regular-team-1774816243379","scorer":"league5-מאמון-שייח-יוסף","assister":"league5-מואמן-נאסר"},{"type":"goal","teamId":"regular-team-1774816243379","scorer":"league5-מואמן-נאסר","assister":"league5-מאמון-שייח-יוסף"},{"type":"goal","teamId":"regular-team-1774816243379","scorer":"league5-מוחמד-בראנסי","assister":"league5-מאמון-שייח-יוסף"},{"type":"goal","teamId":"regular-team-1774816243379","scorer":"league5-סעיד-שיך-יוסף","assister":"league5-מואמן-נאסר"},{"type":"goal","teamId":"regular-team-1774816243379","scorer":"league5-מאמון-שייח-יוסף","assister":"league5-מועד-שחאדה"},{"type":"goal","teamId":"regular-team-1774816243379","scorer":"league5-מואמן-נאסר","assister":"league5-עבד-מנסור"},{"type":"goal","teamId":"regular-team-1774816254176","scorer":"league5-עדיאל-אלון","assister":"league5-טל-עמוס"},{"type":"goal","teamId":"regular-team-1774816254176","scorer":"league5-טל-עמוס","assister":"league5-יובל-שלמה"},{"type":"goal","teamId":"regular-team-1774816254176","scorer":"league5-יובל-שלמה","assister":"league5-טל-עמוס"},{"type":"goal","teamId":"regular-team-1774816254176","scorer":"league5-ליאור-פרידמן","assister":"league5-טל-עמוס"},{"type":"goal","teamId":"regular-team-1774816254176","scorer":"league5-עדיאל-אלון","assister":"league5-טל-עמוס"},{"type":"goal","teamId":"regular-team-1774816254176","scorer":"league5-טל-עמוס","assister":"league5-יובל-שלמה"},{"type":"goal","teamId":"regular-team-1774816254176","scorer":"league5-יובל-שלמה","assister":"league5-טל-עמוס"}]'::jsonb),
  ('league5-2026-03-14-g1', 'league5-2026-03-14', 'league-1774816188496', 1, 'regular-team-1774816250225', 'regular-team-1774816254176', '{"a":6,"b":7}'::jsonb, '[{"type":"_meta","description":"2026-03-14 20:00","clockSeconds":3000},{"type":"goal","teamId":"regular-team-1774816250225","scorer":"league5-זיו-אושבייב","assister":"league5-אוס-עבד-אל-רחים"},{"type":"goal","teamId":"regular-team-1774816250225","scorer":"league5-אסי-סגל","assister":"league5-אוס-עבד-אל-רחים"},{"type":"goal","teamId":"regular-team-1774816250225","scorer":"league5-ודיע-פדילה","assister":"league5-אוס-עבד-אל-רחים"},{"type":"goal","teamId":"regular-team-1774816250225","scorer":"league5-זיו-אושבייב","assister":"league5-אסי-סגל"},{"type":"goal","teamId":"regular-team-1774816250225","scorer":"league5-אסי-סגל","assister":"league5-עבד-אליהו"},{"type":"goal","teamId":"regular-team-1774816250225","scorer":"league5-ודיע-פדילה","assister":"league5-אסי-סגל"},{"type":"goal","teamId":"regular-team-1774816254176","scorer":"league5-ליאור-פרידמן","assister":"league5-טל-עמוס"},{"type":"goal","teamId":"regular-team-1774816254176","scorer":"league5-סירג-מסרואה","assister":"league5-טל-עמוס"},{"type":"goal","teamId":"regular-team-1774816254176","scorer":"league5-עדיאל-אלון","assister":"league5-יובל-שלמה"},{"type":"goal","teamId":"regular-team-1774816254176","scorer":"league5-טל-עמוס","assister":"league5-יובל-שלמה"},{"type":"goal","teamId":"regular-team-1774816254176","scorer":"league5-יובל-שלמה","assister":"league5-ליאור-פרידמן"},{"type":"goal","teamId":"regular-team-1774816254176","scorer":"league5-ליאור-פרידמן","assister":"league5-יובל-שלמה"},{"type":"goal","teamId":"regular-team-1774816254176","scorer":"league5-מתן-עופר","assister":"league5-יובל-שלמה"}]'::jsonb),
  ('league5-2026-03-14-g2', 'league5-2026-03-14', 'league-1774816188496', 2, 'regular-team-1774816243379', 'regular-team-1774816258108', '{"a":8,"b":11}'::jsonb, '[{"type":"_meta","description":"2026-03-14 21:00","clockSeconds":3000},{"type":"goal","teamId":"regular-team-1774816243379","scorer":"league5-מוחמד-בראנסי"},{"type":"goal","teamId":"regular-team-1774816243379","scorer":"league5-סעיד-שיך-יוסף"},{"type":"goal","teamId":"regular-team-1774816243379","scorer":"league5-מאמון-שייח-יוסף"},{"type":"goal","teamId":"regular-team-1774816243379","scorer":"league5-מואמן-נאסר"},{"type":"goal","teamId":"regular-team-1774816243379","scorer":"league5-מוחמד-בראנסי"},{"type":"goal","teamId":"regular-team-1774816243379","scorer":"league5-סעיד-שיך-יוסף"},{"type":"goal","teamId":"regular-team-1774816243379","scorer":"league5-מאמון-שייח-יוסף"},{"type":"goal","teamId":"regular-team-1774816243379","scorer":"league5-מואמן-נאסר"},{"type":"goal","teamId":"regular-team-1774816258108","scorer":"league5-הנרי-גנגה","assister":"league5-מואמן-חאג-יחיא"},{"type":"goal","teamId":"regular-team-1774816258108","scorer":"league5-מואמן-חאג-יחיא","assister":"league5-הנרי-גנגה"},{"type":"goal","teamId":"regular-team-1774816258108","scorer":"league5-דניאל-וולסמן","assister":"league5-מואמן-חאג-יחיא"},{"type":"goal","teamId":"regular-team-1774816258108","scorer":"league5-הנרי-גנגה","assister":"league5-מואמן-חאג-יחיא"},{"type":"goal","teamId":"regular-team-1774816258108","scorer":"league5-מואמן-חאג-יחיא","assister":"league5-מתן-שגב"},{"type":"goal","teamId":"regular-team-1774816258108","scorer":"league5-דניאל-וולסמן","assister":"league5-מתן-שגב"},{"type":"goal","teamId":"regular-team-1774816258108","scorer":"league5-הנרי-גנגה","assister":"league5-מתן-שגב"},{"type":"goal","teamId":"regular-team-1774816258108","scorer":"league5-מואמן-חאג-יחיא"},{"type":"goal","teamId":"regular-team-1774816258108","scorer":"league5-דניאל-וולסמן"},{"type":"goal","teamId":"regular-team-1774816258108","scorer":"league5-הנרי-גנגה"},{"type":"goal","teamId":"regular-team-1774816258108","scorer":"league5-מואמן-חאג-יחיא"}]'::jsonb),
  ('league5-2026-03-28-g1', 'league5-2026-03-28', 'league-1774816188496', 1, 'regular-team-1774816250225', 'regular-team-1774816243379', '{"a":6,"b":2}'::jsonb, '[{"type":"_meta","description":"2026-03-28 20:00","clockSeconds":3000},{"type":"goal","teamId":"regular-team-1774816243379","scorer":"league5-מוחמד-בראנסי"},{"type":"goal","teamId":"regular-team-1774816243379","scorer":"league5-סעיד-שיך-יוסף"},{"type":"goal","teamId":"regular-team-1774816250225","scorer":"league5-זיו-אושבייב","assister":"league5-אסי-סגל"},{"type":"goal","teamId":"regular-team-1774816250225","scorer":"league5-אסי-סגל","assister":"league5-עבד-אליהו"},{"type":"goal","teamId":"regular-team-1774816250225","scorer":"league5-ודיע-פדילה","assister":"league5-הדר-שפיבק"},{"type":"goal","teamId":"regular-team-1774816250225","scorer":"league5-זיו-אושבייב"},{"type":"goal","teamId":"regular-team-1774816250225","scorer":"league5-שי-שמחיוב"},{"type":"goal","teamId":"regular-team-1774816250225","scorer":"league5-אוס-עבד-אל-רחים"}]'::jsonb),
  ('league5-2026-03-28-g2', 'league5-2026-03-28', 'league-1774816188496', 2, 'regular-team-1774816258108', 'regular-team-1774816254176', '{"a":7,"b":14}'::jsonb, '[{"type":"_meta","description":"2026-03-28 21:00","clockSeconds":3000},{"type":"goal","teamId":"regular-team-1774816254176","scorer":"league5-סירג-מסרואה","assister":"league5-ליאור-פרידמן"},{"type":"goal","teamId":"regular-team-1774816254176","scorer":"league5-עדיאל-אלון","assister":"league5-ליאור-פרידמן"},{"type":"goal","teamId":"regular-team-1774816254176","scorer":"league5-טל-עמוס","assister":"league5-ליאור-פרידמן"},{"type":"goal","teamId":"regular-team-1774816254176","scorer":"league5-יובל-שלמה","assister":"league5-ליאור-פרידמן"},{"type":"goal","teamId":"regular-team-1774816254176","scorer":"league5-ליאור-פרידמן","assister":"league5-מתן-עופר"},{"type":"goal","teamId":"regular-team-1774816254176","scorer":"league5-מתן-עופר","assister":"league5-עדיאל-אלון"},{"type":"goal","teamId":"regular-team-1774816254176","scorer":"league5-סירג-מסרואה","assister":"league5-מתן-עופר"},{"type":"goal","teamId":"regular-team-1774816254176","scorer":"league5-עדיאל-אלון","assister":"league5-מתן-עופר"},{"type":"goal","teamId":"regular-team-1774816254176","scorer":"league5-טל-עמוס","assister":"league5-מתן-עופר"},{"type":"goal","teamId":"regular-team-1774816254176","scorer":"league5-יובל-שלמה","assister":"league5-עדיאל-אלון"},{"type":"goal","teamId":"regular-team-1774816254176","scorer":"league5-ליאור-פרידמן","assister":"league5-עדיאל-אלון"},{"type":"goal","teamId":"regular-team-1774816254176","scorer":"league5-מתן-עופר","assister":"league5-עדיאל-אלון"},{"type":"goal","teamId":"regular-team-1774816254176","scorer":"league5-סירג-מסרואה"},{"type":"goal","teamId":"regular-team-1774816254176","scorer":"league5-עדיאל-אלון","assister":"league5-סירג-מסרואה"},{"type":"goal","teamId":"regular-team-1774816258108","scorer":"league5-עומאר-אבו-חיט"},{"type":"goal","teamId":"regular-team-1774816258108","scorer":"league5-דניאל-וולסמן"},{"type":"goal","teamId":"regular-team-1774816258108","scorer":"league5-הנרי-גנגה"},{"type":"goal","teamId":"regular-team-1774816258108","scorer":"league5-מואמן-חאג-יחיא"},{"type":"goal","teamId":"regular-team-1774816258108","scorer":"league5-עומאר-אבו-חיט"},{"type":"goal","teamId":"regular-team-1774816258108","scorer":"league5-דניאל-וולסמן"},{"type":"goal","teamId":"regular-team-1774816258108","scorer":"league5-הנרי-גנגה"}]'::jsonb),
  ('league5-2026-04-11-g1', 'league5-2026-04-11', 'league-1774816188496', 1, 'regular-team-1774816254176', 'regular-team-1774816243379', '{"a":7,"b":6}'::jsonb, '[{"type":"_meta","description":"2026-04-11 20:00","clockSeconds":3000},{"type":"goal","teamId":"regular-team-1774816243379","scorer":"league5-כרם-שביטה"},{"type":"goal","teamId":"regular-team-1774816243379","scorer":"league5-מאמון-שייח-יוסף"},{"type":"goal","teamId":"regular-team-1774816243379","scorer":"league5-מואמן-נאסר"},{"type":"goal","teamId":"regular-team-1774816243379","scorer":"league5-מוחמד-בראנסי"},{"type":"goal","teamId":"regular-team-1774816243379","scorer":"league5-סעיד-שיך-יוסף"},{"type":"goal","teamId":"regular-team-1774816243379","scorer":"league5-עבד-מנסור"},{"type":"goal","teamId":"regular-team-1774816254176","scorer":"league5-בן-גמליאל","assister":"league5-סירג-מסרואה"},{"type":"goal","teamId":"regular-team-1774816254176","scorer":"league5-טל-עמוס"},{"type":"goal","teamId":"regular-team-1774816254176","scorer":"league5-יובל-שלמה"},{"type":"goal","teamId":"regular-team-1774816254176","scorer":"league5-ליאור-פרידמן"},{"type":"goal","teamId":"regular-team-1774816254176","scorer":"league5-מתן-עופר"},{"type":"goal","teamId":"regular-team-1774816254176","scorer":"league5-סירג-מסרואה"},{"type":"goal","teamId":"regular-team-1774816254176","scorer":"league5-עדיאל-אלון"}]'::jsonb),
  ('league5-2026-04-11-g2', 'league5-2026-04-11', 'league-1774816188496', 2, 'regular-team-1774816250225', 'regular-team-1774816258108', '{"a":6,"b":8}'::jsonb, '[{"type":"_meta","description":"2026-04-11 21:00","clockSeconds":3000},{"type":"goal","teamId":"regular-team-1774816250225","scorer":"league5-אסי-סגל"},{"type":"goal","teamId":"regular-team-1774816250225","scorer":"league5-הדר-שפיבק"},{"type":"goal","teamId":"regular-team-1774816250225","scorer":"league5-ודיע-פדילה"},{"type":"goal","teamId":"regular-team-1774816250225","scorer":"league5-זיו-אושבייב"},{"type":"goal","teamId":"regular-team-1774816250225","scorer":"league5-עבד-אליהו"},{"type":"goal","teamId":"regular-team-1774816250225","scorer":"league5-שי-שמחיוב"},{"type":"goal","teamId":"regular-team-1774816258108","scorer":"league5-חוסיין-נאסר"},{"type":"goal","teamId":"regular-team-1774816258108","scorer":"league5-מואמן-חאג-יחיא"},{"type":"goal","teamId":"regular-team-1774816258108","scorer":"league5-עומאר-אבו-חיט"},{"type":"goal","teamId":"regular-team-1774816258108","scorer":"league5-דניאל-וולסמן"},{"type":"goal","teamId":"regular-team-1774816258108","scorer":"league5-הנרי-גנגה"},{"type":"goal","teamId":"regular-team-1774816258108","scorer":"league5-חוסיין-נאסר"},{"type":"goal","teamId":"regular-team-1774816258108","scorer":"league5-מואמן-חאג-יחיא"},{"type":"goal","teamId":"regular-team-1774816258108","scorer":"league5-עומאר-אבו-חיט"}]'::jsonb)
;
